Second,acc0,acc1,accumulator_fans_current,auto_breaking_voltage,auto_steering_voltage,b1_ready_to_drive,b2_data_logging,b3,b4,bms_fault,bms_state,brake1_psi,brake2_psi,brake_percent,bus_voltage,buzzer_state,command_torque_limited,coolant_pump_current,current,direction_value,error0,error1,error10,error11,error12,error13,error14,error15,error16,error17,error18,error19,error2,error20,error21,error22,error23,error24,error25,error26,error27,error28,error29,error3,error30,error31,error32,error33,error34,error35,error36,error37,error38,error39,error4,error40,error41,error42,error43,error44,error45,error46,error47,error48,error49,error5,error50,error51,error52,error53,error54,error55,error56,error57,error58,error59,error6,error60,error61,error62,error63,error7,error8,error9,flags,gpio_sense,imd_fault,inverter_dicharge,inverter_enable,lidar_current,lv_current,ping_lv_nodes,radiator_fans_current,relay_state,s1_coolant_pump,s2_radiator_fan,s3_accumulator_fan,shutdown_voltage,speed_mode_enabled,speed_signal,torque_signal_small,voltage
0,2988.0,23040.0,155.0,0.0,144.0,0.0,0.0,0.0,0.0,0.0,1.0,70.0,90.0,11.0,26038.0,1.0,0.0,147.0,595.0,1.0,1.0,1.0,1.0,1.0,1.0,1.0,1.0,1.0,1.0,1.0,1.0,1.0,1.0,1.0,1.0,1.0,1.0,1.0,1.0,1.0,1.0,1.0,1.0,1.0,1.0,1.0,1.0,1.0,1.0,1.0,1.0,1.0,1.0,1.0,1.0,1.0,1.0,1.0,1.0,1.0,1.0,1.0,1.0,1.0,1.0,1.0,1.0,1.0,1.0,1.0,1.0,1.0,1.0,1.0,1.0,1.0,1.0,1.0,1.0,1.0,1.0,1.0,1.0,1.0,0.0,0.0,1.0,0.0,0.0,152.0,979.0,2.0,0.0,0.0,0.0,0.0,0.0,198.0,0.0,0.0,0.0,25898.0
1,2990.0,23040.0,156.0,0.0,145.0,0.0,0.0,0.0,0.0,0.0,1.0,70.0,90.0,11.0,26041.0,1.0,0.0,147.0,598.0,1.0,1.0,1.0,1.0,1.0,1.0,1.0,1.0,1.0,1.0,1.0,1.0,1.0,1.0,1.0,1.0,1.0,1.0,1.0,1.0,1.0,1.0,1.0,1.0,1.0,1.0,1.0,1.0,1.0,1.0,1.0,1.0,1.0,1.0,1.0,1.0,1.0,1.0,1.0,1.0,1.0,1.0,1.0,1.0,1.0,1.0,1.0,1.0,1.0,1.0,1.0,1.0,1.0,1.0,1.0,1.0,1.0,1.0,1.0,1.0,1.0,1.0,1.0,1.0,1.0,0.0,0.0,1.0,0.0,0.0,153.0,985.0,5.0,0.0,0.0,0.0,0.0,0.0,192.0,0.0,0.0,0.0,25908.0
2,2989.0,23040.0,156.0,0.0,144.0,0.0,0.0,0.0,0.0,0.0,1.0,70.0,90.0,11.0,26036.0,1.0,0.0,148.0,584.0,1.0,1.0,1.0,1.0,1.0,1.0,1.0,1.0,1.0,1.0,1.0,1.0,1.0,1.0,1.0,1.0,1.0,1.0,1.0,1.0,1.0,1.0,1.0,1.0,1.0,1.0,1.0,1.0,1.0,1.0,1.0,1.0,1.0,1.0,1.0,1.0,1.0,1.0,1.0,1.0,1.0,1.0,1.0,1.0,1.0,1.0,1.0,1.0,1.0,1.0,1.0,1.0,1.0,1.0,1.0,1.0,1.0,1.0,1.0,1.0,1.0,1.0,1.0,1.0,1.0,0.0,0.0,1.0,0.0,0.0,153.0,993.0,0.0,0.0,0.0,0.0,0.0,0.0,188.0,0.0,0.0,0.0,25905.0
3,2990.0,23040.0,155.0,0.0,145.0,0.0,0.0,0.0,0.0,0.0,1.0,70.0,90.0,11.0,26041.0,1.0,0.0,148.0,496.0,1.0,1.0,1.0,1.0,1.0,1.0,1.0,1.0,1.0,1.0,1.0,1.0,1.0,1.0,1.0,1.0,1.0,1.0,1.0,1.0,1.0,1.0,1.0,1.0,1.0,1.0,1.0,1.0,1.0,1.0,1.0,1.0,1.0,1.0,1.0,1.0,1.0,1.0,1.0,1.0,1.0,1.0,1.0,1.0,1.0,1.0,1.0,1.0,1.0,1.0,1.0,1.0,1.0,1.0,1.0,1.0,1.0,1.0,1.0,1.0,1.0,1.0,1.0,1.0,1.0,0.0,0.0,1.0,0.0,0.0,152.0,986.0,3.0,0.0,0.0,0.0,0.0,0.0,184.0,0.0,0.0,0.0,25900.0
4,2989.0,23040.0,155.0,0.0,144.0,0.0,0.0,0.0,0.0,0.0,1.0,70.0,89.0,11.0,26036.0,1.0,0.0,147.0,535.0,1.0,1.0,1.0,1.0,1.0,1.0,1.0,1.0,1.0,1.0,1.0,1.0,1.0,1.0,1.0,1.0,1.0,1.0,1.0,1.0,1.0,1.0,1.0,1.0,1.0,1.0,1.0,1.0,1.0,1.0,1.0,1.0,1.0,1.0,1.0,1.0,1.0,1.0,1.0,1.0,1.0,1.0,1.0,1.0,1.0,1.0,1.0,1.0,1.0,1.0,1.0,1.0,1.0,1.0,1.0,1.0,1.0,1.0,1.0,1.0,1.0,1.0,1.0,1.0,1.0,0.0,0.0,1.0,0.0,0.0,152.0,984.0,6.0,0.0,0.0,0.0,0.0,0.0,180.0,0.0,0.0,0.0,25900.0
5,2989.0,23040.0,155.0,0.0,145.0,0.0,0.0,0.0,0.0,0.0,1.0,70.0,90.0,11.0,26038.0,1.0,0.0,147.0,453.0,1.0,1.0,1.0,1.0,1.0,1.0,1.0,1.0,1.0,1.0,1.0,1.0,1.0,1.0,1.0,1.0,1.0,1.0,1.0,1.0,1.0,1.0,1.0,1.0,1.0,1.0,1.0,1.0,1.0,1.0,1.0,1.0,1.0,1.0,1.0,1.0,1.0,1.0,1.0,1.0,1.0,1.0,1.0,1.0,1.0,1.0,1.0,1.0,1.0,1.0,1.0,1.0,1.0,1.0,1.0,1.0,1.0,1.0,1.0,1.0,1.0,1.0,1.0,1.0,1.0,0.0,0.0,1.0,0.0,0.0,153.0,981.0,1.0,0.0,0.0,0.0,0.0,0.0,177.0,0.0,0.0,0.0,25902.0
6,2988.0,23040.0,155.0,0.0,145.0,0.0,0.0,0.0,0.0,0.0,1.0,70.0,90.0,11.0,26036.0,1.0,0.0,147.0,48.0,1.0,1.0,1.0,1.0,1.0,1.0,1.0,1.0,1.0,1.0,1.0,1.0,1.0,1.0,1.0,1.0,1.0,1.0,1.0,1.0,1.0,1.0,1.0,1.0,1.0,1.0,1.0,1.0,1.0,1.0,1.0,1.0,1.0,1.0,1.0,1.0,1.0,1.0,1.0,1.0,1.0,1.0,1.0,1.0,1.0,1.0,1.0,1.0,1.0,1.0,1.0,1.0,1.0,1.0,1.0,1.0,1.0,1.0,1.0,1.0,1.0,1.0,1.0,1.0,1.0,0.0,0.0,1.0,0.0,0.0,153.0,980.0,6.0,0.0,0.0,0.0,0.0,0.0,177.0,0.0,0.0,0.0,25898.0
7,2991.0,23040.0,154.0,0.0,145.0,0.0,0.0,0.0,0.0,0.0,1.0,70.0,90.0,11.0,26035.0,1.0,0.0,148.0,553.0,1.0,1.0,1.0,1.0,1.0,1.0,1.0,1.0,1.0,1.0,1.0,1.0,1.0,1.0,1.0,1.0,1.0,1.0,1.0,1.0,1.0,1.0,1.0,1.0,1.0,1.0,1.0,1.0,1.0,1.0,1.0,1.0,1.0,1.0,1.0,1.0,1.0,1.0,1.0,1.0,1.0,1.0,1.0,1.0,1.0,1.0,1.0,1.0,1.0,1.0,1.0,1.0,1.0,1.0,1.0,1.0,1.0,1.0,1.0,1.0,1.0,1.0,1.0,1.0,1.0,0.0,0.0,1.0,0.0,0.0,152.0,983.0,1.0,0.0,0.0,0.0,0.0,0.0,176.0,0.0,0.0,0.0,25893.0
8,2989.0,23040.0,154.0,0.0,145.0,0.0,0.0,0.0,0.0,0.0,1.0,70.0,89.0,11.0,26030.0,1.0,0.0,148.0,596.0,1.0,1.0,1.0,1.0,1.0,1.0,1.0,1.0,1.0,1.0,1.0,1.0,1.0,1.0,1.0,1.0,1.0,1.0,1.0,1.0,1.0,1.0,1.0,1.0,1.0,1.0,1.0,1.0,1.0,1.0,1.0,1.0,1.0,1.0,1.0,1.0,1.0,1.0,1.0,1.0,1.0,1.0,1.0,1.0,1.0,1.0,1.0,1.0,1.0,1.0,1.0,1.0,1.0,1.0,1.0,1.0,1.0,1.0,1.0,1.0,1.0,1.0,1.0,1.0,1.0,0.0,0.0,1.0,0.0,0.0,153.0,990.0,3.0,0.0,0.0,0.0,0.0,0.0,176.0,0.0,0.0,0.0,25898.0
9,2988.0,22784.0,154.0,0.0,145.0,0.0,0.0,0.0,0.0,0.0,1.0,70.0,90.0,11.0,26036.0,1.0,0.0,147.0,431.0,1.0,1.0,1.0,1.0,1.0,1.0,1.0,1.0,1.0,1.0,1.0,1.0,1.0,1.0,1.0,1.0,1.0,1.0,1.0,1.0,1.0,1.0,1.0,1.0,1.0,1.0,1.0,1.0,1.0,1.0,1.0,1.0,1.0,1.0,1.0,1.0,1.0,1.0,1.0,1.0,1.0,1.0,1.0,1.0,1.0,1.0,1.0,1.0,1.0,1.0,1.0,1.0,1.0,1.0,1.0,1.0,1.0,1.0,1.0,1.0,1.0,1.0,1.0,1.0,1.0,0.0,0.0,1.0,0.0,0.0,153.0,995.0,0.0,0.0,0.0,0.0,0.0,0.0,176.0,0.0,0.0,0.0,25891.0
10,2990.0,23040.0,154.0,0.0,144.0,0.0,0.0,0.0,0.0,0.0,1.0,70.0,90.0,11.0,26033.0,1.0,0.0,147.0,51.0,1.0,1.0,1.0,1.0,1.0,1.0,1.0,1.0,1.0,1.0,1.0,1.0,1.0,1.0,1.0,1.0,1.0,1.0,1.0,1.0,1.0,1.0,1.0,1.0,1.0,1.0,1.0,1.0,1.0,1.0,1.0,1.0,1.0,1.0,1.0,1.0,1.0,1.0,1.0,1.0,1.0,1.0,1.0,1.0,1.0,1.0,1.0,1.0,1.0,1.0,1.0,1.0,1.0,1.0,1.0,1.0,1.0,1.0,1.0,1.0,1.0,1.0,1.0,1.0,1.0,0.0,0.0,0.0,0.0,0.0,153.0,991.0,2.0,0.0,0.0,0.0,0.0,0.0,174.0,0.0,0.0,0.0,25900.0
11,2988.0,23040.0,154.0,0.0,144.0,0.0,0.0,0.0,0.0,0.0,1.0,70.0,89.0,11.0,26037.0,1.0,0.0,148.0,385.0,1.0,1.0,1.0,1.0,1.0,1.0,1.0,1.0,1.0,1.0,1.0,1.0,1.0,1.0,1.0,1.0,1.0,1.0,1.0,1.0,1.0,1.0,1.0,1.0,1.0,1.0,1.0,1.0,1.0,1.0,1.0,1.0,1.0,1.0,1.0,1.0,1.0,1.0,1.0,1.0,1.0,1.0,1.0,1.0,1.0,1.0,1.0,1.0,1.0,1.0,1.0,1.0,1.0,1.0,1.0,1.0,1.0,1.0,1.0,1.0,1.0,1.0,1.0,1.0,1.0,0.0,0.0,0.0,0.0,0.0,153.0,984.0,4.0,0.0,0.0,0.0,0.0,0.0,173.0,0.0,0.0,0.0,25900.0
12,2990.0,22784.0,153.0,0.0,144.0,0.0,0.0,0.0,0.0,0.0,1.0,69.0,90.0,11.0,26035.0,1.0,0.0,147.0,399.0,1.0,1.0,1.0,1.0,1.0,1.0,1.0,1.0,1.0,1.0,1.0,1.0,1.0,1.0,1.0,1.0,1.0,1.0,1.0,1.0,1.0,1.0,1.0,1.0,1.0,1.0,1.0,1.0,1.0,1.0,1.0,1.0,1.0,1.0,1.0,1.0,1.0,1.0,1.0,1.0,1.0,1.0,1.0,1.0,1.0,1.0,1.0,1.0,1.0,1.0,1.0,1.0,1.0,1.0,1.0,1.0,1.0,1.0,1.0,1.0,1.0,1.0,1.0,1.0,1.0,0.0,0.0,0.0,0.0,0.0,153.0,981.0,1.0,0.0,0.0,0.0,0.0,0.0,173.0,0.0,0.0,0.0,25898.0
13,2991.0,23040.0,153.0,0.0,144.0,0.0,0.0,0.0,0.0,0.0,1.0,70.0,90.0,11.0,26036.0,1.0,0.0,148.0,52.0,1.0,1.0,1.0,1.0,1.0,1.0,1.0,1.0,1.0,1.0,1.0,1.0,1.0,1.0,1.0,1.0,1.0,1.0,1.0,1.0,1.0,1.0,1.0,1.0,1.0,1.0,1.0,1.0,1.0,1.0,1.0,1.0,1.0,1.0,1.0,1.0,1.0,1.0,1.0,1.0,1.0,1.0,1.0,1.0,1.0,1.0,1.0,1.0,1.0,1.0,1.0,1.0,1.0,1.0,1.0,1.0,1.0,1.0,1.0,1.0,1.0,1.0,1.0,1.0,1.0,0.0,0.0,0.0,0.0,0.0,153.0,979.0,2.0,0.0,0.0,0.0,0.0,0.0,172.0,0.0,0.0,0.0,25907.0
14,2990.0,22784.0,153.0,0.0,144.0,0.0,0.0,0.0,0.0,0.0,1.0,70.0,90.0,11.0,26036.0,1.0,0.0,148.0,395.0,1.0,1.0,1.0,1.0,1.0,1.0,1.0,1.0,1.0,1.0,1.0,1.0,1.0,1.0,1.0,1.0,1.0,1.0,1.0,1.0,1.0,1.0,1.0,1.0,1.0,1.0,1.0,1.0,1.0,1.0,1.0,1.0,1.0,1.0,1.0,1.0,1.0,1.0,1.0,1.0,1.0,1.0,1.0,1.0,1.0,1.0,1.0,1.0,1.0,1.0,1.0,1.0,1.0,1.0,1.0,1.0,1.0,1.0,1.0,1.0,1.0,1.0,1.0,1.0,1.0,0.0,0.0,0.0,0.0,0.0,153.0,968.0,6.0,0.0,0.0,0.0,0.0,0.0,172.0,0.0,0.0,0.0,25906.0
15,2989.0,23040.0,154.0,0.0,144.0,0.0,0.0,0.0,0.0,0.0,1.0,70.0,90.0,11.0,26036.0,1.0,0.0,147.0,448.0,1.0,1.0,1.0,1.0,1.0,1.0,1.0,1.0,1.0,1.0,1.0,1.0,1.0,1.0,1.0,1.0,1.0,1.0,1.0,1.0,1.0,1.0,1.0,1.0,1.0,1.0,1.0,1.0,1.0,1.0,1.0,1.0,1.0,1.0,1.0,1.0,1.0,1.0,1.0,1.0,1.0,1.0,1.0,1.0,1.0,1.0,1.0,1.0,1.0,1.0,1.0,1.0,1.0,1.0,1.0,1.0,1.0,1.0,1.0,1.0,1.0,1.0,1.0,1.0,1.0,0.0,0.0,0.0,0.0,0.0,153.0,967.0,1.0,0.0,0.0,0.0,0.0,0.0,173.0,0.0,0.0,0.0,25901.0
16,2988.0,23040.0,154.0,0.0,144.0,0.0,0.0,0.0,0.0,0.0,1.0,70.0,90.0,11.0,26032.0,1.0,0.0,147.0,464.0,1.0,1.0,1.0,1.0,1.0,1.0,1.0,1.0,1.0,1.0,1.0,1.0,1.0,1.0,1.0,1.0,1.0,1.0,1.0,1.0,1.0,1.0,1.0,1.0,1.0,1.0,1.0,1.0,1.0,1.0,1.0,1.0,1.0,1.0,1.0,1.0,1.0,1.0,1.0,1.0,1.0,1.0,1.0,1.0,1.0,1.0,1.0,1.0,1.0,1.0,1.0,1.0,1.0,1.0,1.0,1.0,1.0,1.0,1.0,1.0,1.0,1.0,1.0,1.0,1.0,0.0,0.0,0.0,0.0,0.0,154.0,964.0,4.0,0.0,0.0,0.0,0.0,0.0,172.0,0.0,0.0,0.0,25900.0
17,2990.0,23040.0,154.0,0.0,145.0,0.0,0.0,0.0,0.0,0.0,1.0,70.0,90.0,11.0,26035.0,1.0,0.0,148.0,468.0,1.0,1.0,1.0,1.0,1.0,1.0,1.0,1.0,1.0,1.0,1.0,1.0,1.0,1.0,1.0,1.0,1.0,1.0,1.0,1.0,1.0,1.0,1.0,1.0,1.0,1.0,1.0,1.0,1.0,1.0,1.0,1.0,1.0,1.0,1.0,1.0,1.0,1.0,1.0,1.0,1.0,1.0,1.0,1.0,1.0,1.0,1.0,1.0,1.0,1.0,1.0,1.0,1.0,1.0,1.0,1.0,1.0,1.0,1.0,1.0,1.0,1.0,1.0,1.0,1.0,0.0,0.0,0.0,0.0,0.0,153.0,959.0,0.0,0.0,0.0,0.0,0.0,0.0,172.0,0.0,0.0,0.0,25902.0
18,2997.0,23040.0,153.0,0.0,143.0,0.0,0.0,0.0,0.0,0.0,1.0,70.0,89.0,11.0,25993.0,1.0,0.0,147.0,592.0,1.0,1.0,1.0,1.0,1.0,1.0,1.0,1.0,1.0,1.0,1.0,1.0,1.0,1.0,1.0,1.0,1.0,1.0,1.0,1.0,1.0,1.0,1.0,1.0,1.0,1.0,1.0,1.0,1.0,1.0,1.0,1.0,1.0,1.0,1.0,1.0,1.0,1.0,1.0,1.0,1.0,1.0,1.0,1.0,1.0,1.0,1.0,1.0,1.0,1.0,1.0,1.0,1.0,1.0,1.0,1.0,1.0,1.0,1.0,1.0,1.0,1.0,1.0,1.0,1.0,0.0,0.0,0.0,0.0,0.0,153.0,956.0,0.0,0.0,0.0,0.0,0.0,0.0,262.0,0.0,0.0,0.0,25856.0
20,2994.0,23040.0,155.0,0.0,142.0,0.0,0.0,0.0,0.0,0.0,1.0,70.0,89.0,11.0,26028.0,1.0,0.0,146.0,551.0,1.0,1.0,1.0,1.0,1.0,1.0,1.0,1.0,1.0,1.0,1.0,1.0,1.0,1.0,1.0,1.0,1.0,1.0,1.0,1.0,1.0,1.0,1.0,1.0,1.0,1.0,1.0,1.0,1.0,1.0,1.0,1.0,1.0,1.0,1.0,1.0,1.0,1.0,1.0,1.0,1.0,1.0,1.0,1.0,1.0,1.0,1.0,1.0,1.0,1.0,1.0,1.0,1.0,1.0,1.0,1.0,1.0,1.0,1.0,1.0,1.0,1.0,1.0,1.0,1.0,0.0,0.0,1.0,0.0,0.0,152.0,882.0,0.0,0.0,0.0,0.0,0.0,0.0,378.0,0.0,0.0,0.0,25902.0
21,2990.0,22784.0,154.0,0.0,142.0,0.0,0.0,0.0,0.0,0.0,1.0,70.0,90.0,11.0,26027.0,1.0,0.0,146.0,482.0,1.0,1.0,1.0,1.0,1.0,1.0,1.0,1.0,1.0,1.0,1.0,1.0,1.0,1.0,1.0,1.0,1.0,1.0,1.0,1.0,1.0,1.0,1.0,1.0,1.0,1.0,1.0,1.0,1.0,1.0,1.0,1.0,1.0,1.0,1.0,1.0,1.0,1.0,1.0,1.0,1.0,1.0,1.0,1.0,1.0,1.0,1.0,1.0,1.0,1.0,1.0,1.0,1.0,1.0,1.0,1.0,1.0,1.0,1.0,1.0,1.0,1.0,1.0,1.0,1.0,0.0,0.0,1.0,0.0,0.0,152.0,901.0,3.0,0.0,0.0,0.0,0.0,0.0,325.0,0.0,0.0,0.0,25896.0
22,2988.0,23040.0,154.0,0.0,143.0,0.0,0.0,0.0,0.0,0.0,1.0,70.0,89.0,11.0,26023.0,1.0,0.0,146.0,437.0,1.0,1.0,1.0,1.0,1.0,1.0,1.0,1.0,1.0,1.0,1.0,1.0,1.0,1.0,1.0,1.0,1.0,1.0,1.0,1.0,1.0,1.0,1.0,1.0,1.0,1.0,1.0,1.0,1.0,1.0,1.0,1.0,1.0,1.0,1.0,1.0,1.0,1.0,1.0,1.0,1.0,1.0,1.0,1.0,1.0,1.0,1.0,1.0,1.0,1.0,1.0,1.0,1.0,1.0,1.0,1.0,1.0,1.0,1.0,1.0,1.0,1.0,1.0,1.0,1.0,0.0,0.0,1.0,0.0,0.0,152.0,924.0,6.0,0.0,0.0,0.0,0.0,0.0,288.0,0.0,0.0,0.0,25888.0
23,2989.0,22784.0,155.0,0.0,144.0,0.0,0.0,0.0,0.0,0.0,1.0,71.0,88.0,11.0,26017.0,1.0,0.0,146.0,492.0,1.0,1.0,1.0,1.0,1.0,1.0,1.0,1.0,1.0,1.0,1.0,1.0,1.0,1.0,1.0,1.0,1.0,1.0,1.0,1.0,1.0,1.0,1.0,1.0,1.0,1.0,1.0,1.0,1.0,1.0,1.0,1.0,1.0,1.0,1.0,1.0,1.0,1.0,1.0,1.0,1.0,1.0,1.0,1.0,1.0,1.0,1.0,1.0,1.0,1.0,1.0,1.0,1.0,1.0,1.0,1.0,1.0,1.0,1.0,1.0,1.0,1.0,1.0,1.0,1.0,0.0,1.0,1.0,0.0,0.0,152.0,944.0,1.0,0.0,1.0,0.0,0.0,0.0,262.0,0.0,0.0,0.0,25875.0
24,2988.0,23040.0,154.0,0.0,143.0,0.0,0.0,0.0,0.0,0.0,2.0,70.0,90.0,11.0,26017.0,1.0,0.0,147.0,524.0,1.0,1.0,1.0,1.0,1.0,1.0,1.0,1.0,1.0,1.0,1.0,1.0,1.0,1.0,1.0,1.0,1.0,1.0,1.0,1.0,1.0,1.0,1.0,1.0,1.0,1.0,1.0,1.0,1.0,1.0,1.0,1.0,1.0,1.0,1.0,1.0,1.0,1.0,1.0,1.0,1.0,1.0,1.0,1.0,1.0,1.0,1.0,1.0,1.0,1.0,1.0,1.0,1.0,1.0,1.0,1.0,1.0,1.0,1.0,1.0,1.0,1.0,1.0,1.0,1.0,0.0,1.0,1.0,0.0,0.0,152.0,961.0,6.0,0.0,1.0,0.0,0.0,0.0,241.0,0.0,0.0,0.0,25878.0
25,2992.0,23040.0,154.0,0.0,144.0,0.0,0.0,0.0,0.0,0.0,2.0,70.0,90.0,11.0,26017.0,1.0,0.0,147.0,540.0,1.0,1.0,1.0,1.0,1.0,1.0,1.0,1.0,1.0,1.0,1.0,1.0,1.0,1.0,1.0,1.0,1.0,1.0,1.0,1.0,1.0,1.0,1.0,1.0,1.0,1.0,1.0,1.0,1.0,1.0,1.0,1.0,1.0,1.0,1.0,1.0,1.0,1.0,1.0,1.0,1.0,1.0,1.0,1.0,1.0,1.0,1.0,1.0,1.0,1.0,1.0,1.0,1.0,1.0,1.0,1.0,1.0,1.0,1.0,1.0,1.0,1.0,1.0,1.0,1.0,0.0,1.0,1.0,0.0,0.0,152.0,973.0,1.0,0.0,1.0,0.0,0.0,0.0,227.0,0.0,0.0,0.0,25881.0
26,2996.0,23040.0,154.0,0.0,144.0,0.0,0.0,0.0,0.0,0.0,3.0,70.0,90.0,11.0,25981.0,1.0,0.0,147.0,51.0,1.0,1.0,1.0,1.0,1.0,1.0,1.0,1.0,1.0,1.0,1.0,1.0,1.0,1.0,1.0,1.0,1.0,1.0,1.0,1.0,1.0,1.0,1.0,1.0,1.0,1.0,1.0,1.0,1.0,1.0,1.0,1.0,1.0,1.0,1.0,1.0,1.0,1.0,1.0,1.0,1.0,1.0,1.0,1.0,1.0,1.0,1.0,1.0,1.0,1.0,1.0,1.0,1.0,1.0,1.0,1.0,1.0,1.0,1.0,1.0,1.0,1.0,1.0,1.0,1.0,0.0,5.0,0.0,0.0,0.0,152.0,963.0,3.0,0.0,1.0,0.0,0.0,0.0,312.0,0.0,0.0,0.0,25850.0
27,2987.0,22784.0,154.0,0.0,145.0,0.0,0.0,0.0,0.0,0.0,3.0,70.0,90.0,11.0,25980.0,1.0,0.0,148.0,47.0,1.0,1.0,1.0,1.0,1.0,1.0,1.0,1.0,1.0,1.0,1.0,1.0,1.0,1.0,1.0,1.0,1.0,1.0,1.0,1.0,1.0,1.0,1.0,1.0,1.0,1.0,1.0,1.0,1.0,1.0,1.0,1.0,1.0,1.0,1.0,1.0,1.0,1.0,1.0,1.0,1.0,1.0,1.0,1.0,1.0,1.0,1.0,1.0,1.0,1.0,1.0,1.0,1.0,1.0,1.0,1.0,1.0,1.0,1.0,1.0,1.0,1.0,1.0,1.0,1.0,0.0,5.0,0.0,0.0,0.0,152.0,957.0,0.0,0.0,1.0,0.0,0.0,0.0,376.0,0.0,0.0,0.0,25841.0
28,2986.0,23040.0,154.0,0.0,145.0,0.0,0.0,0.0,0.0,0.0,3.0,70.0,90.0,11.0,25977.0,1.0,0.0,148.0,446.0,1.0,1.0,1.0,1.0,1.0,1.0,1.0,1.0,1.0,1.0,1.0,1.0,1.0,1.0,1.0,1.0,1.0,1.0,1.0,1.0,1.0,1.0,1.0,1.0,1.0,1.0,1.0,1.0,1.0,1.0,1.0,1.0,1.0,1.0,1.0,1.0,1.0,1.0,1.0,1.0,1.0,1.0,1.0,1.0,1.0,1.0,1.0,1.0,1.0,1.0,1.0,1.0,1.0,1.0,1.0,1.0,1.0,1.0,1.0,1.0,1.0,1.0,1.0,1.0,1.0,0.0,5.0,0.0,0.0,0.0,153.0,951.0,2.0,0.0,1.0,0.0,0.0,0.0,421.0,0.0,0.0,0.0,25840.0
29,2988.0,23040.0,154.0,0.0,144.0,0.0,0.0,0.0,0.0,0.0,3.0,70.0,90.0,11.0,25971.0,1.0,0.0,147.0,585.0,1.0,1.0,1.0,1.0,1.0,1.0,1.0,1.0,1.0,1.0,1.0,1.0,1.0,1.0,1.0,1.0,1.0,1.0,1.0,1.0,1.0,1.0,1.0,1.0,1.0,1.0,1.0,1.0,1.0,1.0,1.0,1.0,1.0,1.0,1.0,1.0,1.0,1.0,1.0,1.0,1.0,1.0,1.0,1.0,1.0,1.0,1.0,1.0,1.0,1.0,1.0,1.0,1.0,1.0,1.0,1.0,1.0,1.0,1.0,1.0,1.0,1.0,1.0,1.0,1.0,0.0,5.0,0.0,0.0,0.0,152.0,955.0,4.0,0.0,1.0,0.0,0.0,0.0,457.0,0.0,0.0,0.0,25843.0
30,2991.0,23040.0,154.0,0.0,145.0,0.0,0.0,0.0,0.0,0.0,3.0,70.0,90.0,11.0,25975.0,1.0,0.0,147.0,454.0,1.0,1.0,1.0,1.0,1.0,1.0,1.0,1.0,1.0,1.0,1.0,1.0,1.0,1.0,1.0,1.0,1.0,1.0,1.0,1.0,1.0,1.0,1.0,1.0,1.0,1.0,1.0,1.0,1.0,1.0,1.0,1.0,1.0,1.0,1.0,1.0,1.0,1.0,1.0,1.0,1.0,1.0,1.0,1.0,1.0,1.0,1.0,1.0,1.0,1.0,1.0,1.0,1.0,1.0,1.0,1.0,1.0,1.0,1.0,1.0,1.0,1.0,1.0,1.0,1.0,0.0,5.0,0.0,0.0,0.0,153.0,961.0,1.0,0.0,1.0,0.0,0.0,0.0,484.0,0.0,0.0,0.0,25838.0
31,2988.0,23040.0,154.0,0.0,144.0,0.0,0.0,0.0,0.0,0.0,3.0,70.0,90.0,11.0,25957.0,1.0,0.0,147.0,537.0,1.0,1.0,1.0,1.0,1.0,1.0,1.0,1.0,1.0,1.0,1.0,1.0,1.0,1.0,1.0,1.0,1.0,1.0,1.0,1.0,1.0,1.0,1.0,1.0,1.0,1.0,1.0,1.0,1.0,1.0,1.0,1.0,1.0,1.0,1.0,1.0,1.0,1.0,1.0,1.0,1.0,1.0,1.0,1.0,1.0,1.0,1.0,1.0,1.0,1.0,1.0,1.0,1.0,1.0,1.0,1.0,1.0,1.0,1.0,1.0,1.0,1.0,1.0,1.0,1.0,0.0,5.0,0.0,0.0,0.0,153.0,956.0,2.0,0.0,1.0,0.0,0.0,0.0,528.0,0.0,0.0,0.0,25812.0
32,2986.0,23040.0,154.0,0.0,144.0,0.0,0.0,0.0,0.0,0.0,4.0,70.0,89.0,11.0,25940.0,1.0,0.0,147.0,407.0,1.0,1.0,1.0,1.0,1.0,1.0,1.0,1.0,1.0,1.0,1.0,1.0,1.0,1.0,1.0,1.0,1.0,1.0,1.0,1.0,1.0,1.0,1.0,1.0,1.0,1.0,1.0,1.0,1.0,1.0,1.0,1.0,1.0,1.0,1.0,1.0,1.0,1.0,1.0,1.0,1.0,1.0,1.0,1.0,1.0,1.0,1.0,1.0,1.0,1.0,1.0,1.0,1.0,1.0,1.0,1.0,1.0,1.0,1.0,1.0,1.0,1.0,1.0,1.0,1.0,0.0,3.0,0.0,0.0,0.0,152.0,952.0,5.0,0.0,3.0,0.0,0.0,0.0,599.0,0.0,0.0,0.0,25805.0
33,2990.0,23040.0,154.0,0.0,144.0,0.0,0.0,0.0,0.0,0.0,4.0,70.0,89.0,11.0,25938.0,1.0,0.0,147.0,571.0,1.0,1.0,1.0,1.0,1.0,1.0,1.0,1.0,1.0,1.0,1.0,1.0,1.0,1.0,1.0,1.0,1.0,1.0,1.0,1.0,1.0,1.0,1.0,1.0,1.0,1.0,1.0,1.0,1.0,1.0,1.0,1.0,1.0,1.0,1.0,1.0,1.0,1.0,1.0,1.0,1.0,1.0,1.0,1.0,1.0,1.0,1.0,1.0,1.0,1.0,1.0,1.0,1.0,1.0,1.0,1.0,1.0,1.0,1.0,1.0,1.0,1.0,1.0,1.0,1.0,0.0,3.0,0.0,0.0,0.0,152.0,953.0,6.0,0.0,3.0,0.0,0.0,0.0,653.0,0.0,0.0,0.0,25812.0
34,2991.0,23040.0,154.0,0.0,144.0,0.0,0.0,0.0,0.0,0.0,4.0,70.0,90.0,11.0,25935.0,1.0,0.0,146.0,52.0,1.0,1.0,1.0,1.0,1.0,1.0,1.0,1.0,1.0,1.0,1.0,1.0,1.0,1.0,1.0,1.0,1.0,1.0,1.0,1.0,1.0,1.0,1.0,1.0,1.0,1.0,1.0,1.0,1.0,1.0,1.0,1.0,1.0,1.0,1.0,1.0,1.0,1.0,1.0,1.0,1.0,1.0,1.0,1.0,1.0,1.0,1.0,1.0,1.0,1.0,1.0,1.0,1.0,1.0,1.0,1.0,1.0,1.0,1.0,1.0,1.0,1.0,1.0,1.0,1.0,0.0,3.0,0.0,0.0,0.0,152.0,960.0,3.0,0.0,3.0,0.0,0.0,0.0,690.0,0.0,0.0,0.0,25811.0
35,2993.0,23040.0,154.0,0.0,145.0,0.0,0.0,0.0,0.0,0.0,4.0,70.0,90.0,11.0,25932.0,1.0,0.0,147.0,404.0,1.0,1.0,1.0,1.0,1.0,1.0,1.0,1.0,1.0,1.0,1.0,1.0,1.0,1.0,1.0,1.0,1.0,1.0,1.0,1.0,1.0,1.0,1.0,1.0,1.0,1.0,1.0,1.0,1.0,1.0,1.0,1.0,1.0,1.0,1.0,1.0,1.0,1.0,1.0,1.0,1.0,1.0,1.0,1.0,1.0,1.0,1.0,1.0,1.0,1.0,1.0,1.0,1.0,1.0,1.0,1.0,1.0,1.0,1.0,1.0,1.0,1.0,1.0,1.0,1.0,0.0,3.0,0.0,0.0,0.0,152.0,959.0,5.0,0.0,3.0,0.0,0.0,0.0,721.0,0.0,0.0,0.0,25800.0
36,2988.0,23040.0,154.0,0.0,143.0,0.0,0.0,0.0,0.0,0.0,4.0,70.0,90.0,11.0,25933.0,1.0,0.0,147.0,549.0,1.0,1.0,1.0,1.0,1.0,1.0,1.0,1.0,1.0,1.0,1.0,1.0,1.0,1.0,1.0,1.0,1.0,1.0,1.0,1.0,1.0,1.0,1.0,1.0,1.0,1.0,1.0,1.0,1.0,1.0,1.0,1.0,1.0,1.0,1.0,1.0,1.0,1.0,1.0,1.0,1.0,1.0,1.0,1.0,1.0,1.0,1.0,1.0,1.0,1.0,1.0,1.0,1.0,1.0,1.0,1.0,1.0,1.0,1.0,1.0,1.0,1.0,1.0,1.0,1.0,0.0,3.0,0.0,0.0,0.0,152.0,953.0,1.0,0.0,3.0,0.0,0.0,0.0,741.0,0.0,0.0,0.0,25806.0
37,2994.0,23040.0,154.0,0.0,144.0,0.0,0.0,0.0,0.0,0.0,4.0,70.0,90.0,11.0,25931.0,1.0,0.0,146.0,385.0,1.0,1.0,1.0,1.0,1.0,1.0,1.0,1.0,1.0,1.0,1.0,1.0,1.0,1.0,1.0,1.0,1.0,1.0,1.0,1.0,1.0,1.0,1.0,1.0,1.0,1.0,1.0,1.0,1.0,1.0,1.0,1.0,1.0,1.0,1.0,1.0,1.0,1.0,1.0,1.0,1.0,1.0,1.0,1.0,1.0,1.0,1.0,1.0,1.0,1.0,1.0,1.0,1.0,1.0,1.0,1.0,1.0,1.0,1.0,1.0,1.0,1.0,1.0,1.0,1.0,0.0,3.0,0.0,0.0,0.0,152.0,961.0,4.0,0.0,3.0,0.0,0.0,0.0,759.0,0.0,0.0,0.0,25808.0
38,2990.0,22784.0,154.0,0.0,144.0,0.0,0.0,0.0,0.0,0.0,4.0,70.0,90.0,11.0,25930.0,1.0,0.0,147.0,432.0,1.0,1.0,1.0,1.0,1.0,1.0,1.0,1.0,1.0,1.0,1.0,1.0,1.0,1.0,1.0,1.0,1.0,1.0,1.0,1.0,1.0,1.0,1.0,1.0,1.0,1.0,1.0,1.0,1.0,1.0,1.0,1.0,1.0,1.0,1.0,1.0,1.0,1.0,1.0,1.0,1.0,1.0,1.0,1.0,1.0,1.0,1.0,1.0,1.0,1.0,1.0,1.0,1.0,1.0,1.0,1.0,1.0,1.0,1.0,1.0,1.0,1.0,1.0,1.0,1.0,0.0,3.0,0.0,0.0,0.0,152.0,966.0,6.0,0.0,3.0,0.0,0.0,0.0,771.0,0.0,0.0,0.0,25797.0
39,2996.0,23040.0,154.0,0.0,143.0,0.0,0.0,0.0,0.0,0.0,4.0,70.0,90.0,11.0,25930.0,1.0,0.0,147.0,523.0,1.0,1.0,1.0,1.0,1.0,1.0,1.0,1.0,1.0,1.0,1.0,1.0,1.0,1.0,1.0,1.0,1.0,1.0,1.0,1.0,1.0,1.0,1.0,1.0,1.0,1.0,1.0,1.0,1.0,1.0,1.0,1.0,1.0,1.0,1.0,1.0,1.0,1.0,1.0,1.0,1.0,1.0,1.0,1.0,1.0,1.0,1.0,1.0,1.0,1.0,1.0,1.0,1.0,1.0,1.0,1.0,1.0,1.0,1.0,1.0,1.0,1.0,1.0,1.0,1.0,0.0,3.0,0.0,0.0,0.0,152.0,969.0,2.0,0.0,3.0,0.0,0.0,0.0,780.0,0.0,0.0,0.0,25803.0
40,2989.0,23040.0,154.0,0.0,144.0,0.0,0.0,0.0,0.0,0.0,4.0,70.0,90.0,11.0,25928.0,1.0,0.0,147.0,554.0,1.0,1.0,1.0,1.0,1.0,1.0,1.0,1.0,1.0,1.0,1.0,1.0,1.0,1.0,1.0,1.0,1.0,1.0,1.0,1.0,1.0,1.0,1.0,1.0,1.0,1.0,1.0,1.0,1.0,1.0,1.0,1.0,1.0,1.0,1.0,1.0,1.0,1.0,1.0,1.0,1.0,1.0,1.0,1.0,1.0,1.0,1.0,1.0,1.0,1.0,1.0,1.0,1.0,1.0,1.0,1.0,1.0,1.0,1.0,1.0,1.0,1.0,1.0,1.0,1.0,0.0,3.0,0.0,0.0,0.0,152.0,972.0,5.0,0.0,3.0,0.0,0.0,0.0,787.0,0.0,0.0,0.0,25803.0
41,2989.0,23040.0,153.0,0.0,143.0,0.0,0.0,0.0,0.0,0.0,4.0,70.0,90.0,11.0,25927.0,1.0,0.0,147.0,585.0,1.0,1.0,1.0,1.0,1.0,1.0,1.0,1.0,1.0,1.0,1.0,1.0,1.0,1.0,1.0,1.0,1.0,1.0,1.0,1.0,1.0,1.0,1.0,1.0,1.0,1.0,1.0,1.0,1.0,1.0,1.0,1.0,1.0,1.0,1.0,1.0,1.0,1.0,1.0,1.0,1.0,1.0,1.0,1.0,1.0,1.0,1.0,1.0,1.0,1.0,1.0,1.0,1.0,1.0,1.0,1.0,1.0,1.0,1.0,1.0,1.0,1.0,1.0,1.0,1.0,0.0,3.0,0.0,0.0,0.0,153.0,970.0,0.0,0.0,3.0,0.0,0.0,0.0,792.0,0.0,0.0,0.0,25803.0
42,2994.0,23040.0,153.0,0.0,143.0,0.0,0.0,0.0,0.0,0.0,4.0,70.0,90.0,11.0,25928.0,1.0,0.0,147.0,549.0,1.0,1.0,1.0,1.0,1.0,1.0,1.0,1.0,1.0,1.0,1.0,1.0,1.0,1.0,1.0,1.0,1.0,1.0,1.0,1.0,1.0,1.0,1.0,1.0,1.0,1.0,1.0,1.0,1.0,1.0,1.0,1.0,1.0,1.0,1.0,1.0,1.0,1.0,1.0,1.0,1.0,1.0,1.0,1.0,1.0,1.0,1.0,1.0,1.0,1.0,1.0,1.0,1.0,1.0,1.0,1.0,1.0,1.0,1.0,1.0,1.0,1.0,1.0,1.0,1.0,0.0,3.0,0.0,0.0,0.0,153.0,966.0,4.0,0.0,3.0,0.0,0.0,0.0,797.0,0.0,0.0,0.0,25800.0
43,2994.0,23040.0,153.0,0.0,143.0,0.0,0.0,0.0,0.0,0.0,4.0,70.0,90.0,11.0,25925.0,1.0,0.0,147.0,479.0,1.0,1.0,1.0,1.0,1.0,1.0,1.0,1.0,1.0,1.0,1.0,1.0,1.0,1.0,1.0,1.0,1.0,1.0,1.0,1.0,1.0,1.0,1.0,1.0,1.0,1.0,1.0,1.0,1.0,1.0,1.0,1.0,1.0,1.0,1.0,1.0,1.0,1.0,1.0,1.0,1.0,1.0,1.0,1.0,1.0,1.0,1.0,1.0,1.0,1.0,1.0,1.0,1.0,1.0,1.0,1.0,1.0,1.0,1.0,1.0,1.0,1.0,1.0,1.0,1.0,0.0,3.0,0.0,0.0,0.0,153.0,962.0,0.0,0.0,3.0,0.0,0.0,0.0,798.0,0.0,0.0,0.0,25796.0
44,2990.0,23040.0,153.0,0.0,143.0,0.0,0.0,0.0,0.0,0.0,4.0,70.0,90.0,11.0,25926.0,1.0,0.0,147.0,573.0,1.0,1.0,1.0,1.0,1.0,1.0,1.0,1.0,1.0,1.0,1.0,1.0,1.0,1.0,1.0,1.0,1.0,1.0,1.0,1.0,1.0,1.0,1.0,1.0,1.0,1.0,1.0,1.0,1.0,1.0,1.0,1.0,1.0,1.0,1.0,1.0,1.0,1.0,1.0,1.0,1.0,1.0,1.0,1.0,1.0,1.0,1.0,1.0,1.0,1.0,1.0,1.0,1.0,1.0,1.0,1.0,1.0,1.0,1.0,1.0,1.0,1.0,1.0,1.0,1.0,0.0,3.0,0.0,0.0,0.0,153.0,963.0,2.0,0.0,3.0,0.0,0.0,0.0,799.0,0.0,0.0,0.0,25796.0
45,2987.0,22784.0,153.0,0.0,143.0,0.0,0.0,0.0,0.0,0.0,4.0,70.0,90.0,11.0,25922.0,1.0,0.0,146.0,529.0,1.0,1.0,1.0,1.0,1.0,1.0,1.0,1.0,1.0,1.0,1.0,1.0,1.0,1.0,1.0,1.0,1.0,1.0,1.0,1.0,1.0,1.0,1.0,1.0,1.0,1.0,1.0,1.0,1.0,1.0,1.0,1.0,1.0,1.0,1.0,1.0,1.0,1.0,1.0,1.0,1.0,1.0,1.0,1.0,1.0,1.0,1.0,1.0,1.0,1.0,1.0,1.0,1.0,1.0,1.0,1.0,1.0,1.0,1.0,1.0,1.0,1.0,1.0,1.0,1.0,0.0,3.0,0.0,0.0,0.0,153.0,968.0,6.0,0.0,3.0,0.0,0.0,0.0,801.0,0.0,0.0,0.0,25797.0
46,2989.0,23040.0,153.0,0.0,144.0,0.0,0.0,0.0,0.0,0.0,4.0,70.0,90.0,11.0,25925.0,1.0,0.0,147.0,48.0,1.0,1.0,1.0,1.0,1.0,1.0,1.0,1.0,1.0,1.0,1.0,1.0,1.0,1.0,1.0,1.0,1.0,1.0,1.0,1.0,1.0,1.0,1.0,1.0,1.0,1.0,1.0,1.0,1.0,1.0,1.0,1.0,1.0,1.0,1.0,1.0,1.0,1.0,1.0,1.0,1.0,1.0,1.0,1.0,1.0,1.0,1.0,1.0,1.0,1.0,1.0,1.0,1.0,1.0,1.0,1.0,1.0,1.0,1.0,1.0,1.0,1.0,1.0,1.0,1.0,0.0,3.0,0.0,0.0,0.0,153.0,960.0,1.0,0.0,3.0,0.0,0.0,0.0,801.0,0.0,0.0,0.0,25788.0
47,2993.0,23040.0,153.0,0.0,144.0,0.0,0.0,0.0,0.0,0.0,4.0,70.0,90.0,11.0,25927.0,1.0,0.0,147.0,557.0,1.0,1.0,1.0,1.0,1.0,1.0,1.0,1.0,1.0,1.0,1.0,1.0,1.0,1.0,1.0,1.0,1.0,1.0,1.0,1.0,1.0,1.0,1.0,1.0,1.0,1.0,1.0,1.0,1.0,1.0,1.0,1.0,1.0,1.0,1.0,1.0,1.0,1.0,1.0,1.0,1.0,1.0,1.0,1.0,1.0,1.0,1.0,1.0,1.0,1.0,1.0,1.0,1.0,1.0,1.0,1.0,1.0,1.0,1.0,1.0,1.0,1.0,1.0,1.0,1.0,0.0,3.0,0.0,0.0,0.0,152.0,957.0,3.0,0.0,3.0,0.0,0.0,0.0,802.0,0.0,0.0,0.0,25796.0
48,2991.0,22784.0,153.0,0.0,144.0,0.0,0.0,0.0,0.0,0.0,4.0,70.0,89.0,11.0,25922.0,1.0,0.0,146.0,504.0,1.0,1.0,1.0,1.0,1.0,1.0,1.0,1.0,1.0,1.0,1.0,1.0,1.0,1.0,1.0,1.0,1.0,1.0,1.0,1.0,1.0,1.0,1.0,1.0,1.0,1.0,1.0,1.0,1.0,1.0,1.0,1.0,1.0,1.0,1.0,1.0,1.0,1.0,1.0,1.0,1.0,1.0,1.0,1.0,1.0,1.0,1.0,1.0,1.0,1.0,1.0,1.0,1.0,1.0,1.0,1.0,1.0,1.0,1.0,1.0,1.0,1.0,1.0,1.0,1.0,0.0,3.0,0.0,0.0,0.0,152.0,963.0,0.0,0.0,3.0,0.0,0.0,0.0,802.0,0.0,0.0,0.0,25793.0
49,2996.0,23040.0,154.0,0.0,144.0,0.0,0.0,0.0,0.0,0.0,4.0,70.0,90.0,11.0,25925.0,1.0,0.0,147.0,557.0,1.0,1.0,1.0,1.0,1.0,1.0,1.0,1.0,1.0,1.0,1.0,1.0,1.0,1.0,1.0,1.0,1.0,1.0,1.0,1.0,1.0,1.0,1.0,1.0,1.0,1.0,1.0,1.0,1.0,1.0,1.0,1.0,1.0,1.0,1.0,1.0,1.0,1.0,1.0,1.0,1.0,1.0,1.0,1.0,1.0,1.0,1.0,1.0,1.0,1.0,1.0,1.0,1.0,1.0,1.0,1.0,1.0,1.0,1.0,1.0,1.0,1.0,1.0,1.0,1.0,0.0,3.0,0.0,0.0,0.0,152.0,962.0,2.0,0.0,3.0,0.0,0.0,0.0,802.0,0.0,0.0,0.0,25797.0
50,2987.0,23040.0,154.0,0.0,144.0,0.0,0.0,0.0,0.0,0.0,4.0,70.0,90.0,11.0,25925.0,1.0,0.0,147.0,475.0,1.0,1.0,1.0,1.0,1.0,1.0,1.0,1.0,1.0,1.0,1.0,1.0,1.0,1.0,1.0,1.0,1.0,1.0,1.0,1.0,1.0,1.0,1.0,1.0,1.0,1.0,1.0,1.0,1.0,1.0,1.0,1.0,1.0,1.0,1.0,1.0,1.0,1.0,1.0,1.0,1.0,1.0,1.0,1.0,1.0,1.0,1.0,1.0,1.0,1.0,1.0,1.0,1.0,1.0,1.0,1.0,1.0,1.0,1.0,1.0,1.0,1.0,1.0,1.0,1.0,0.0,3.0,0.0,0.0,0.0,152.0,958.0,4.0,0.0,3.0,0.0,0.0,0.0,803.0,0.0,0.0,0.0,25792.0
51,2995.0,26112.0,153.0,0.0,144.0,0.0,0.0,0.0,0.0,0.0,4.0,73.0,104.0,13.0,25921.0,1.0,0.0,146.0,401.0,1.0,1.0,1.0,1.0,1.0,1.0,1.0,1.0,1.0,1.0,1.0,1.0,1.0,1.0,1.0,1.0,1.0,1.0,1.0,1.0,1.0,1.0,1.0,1.0,1.0,1.0,1.0,1.0,1.0,1.0,1.0,1.0,1.0,1.0,1.0,1.0,1.0,1.0,1.0,1.0,1.0,1.0,1.0,1.0,1.0,1.0,1.0,1.0,1.0,1.0,1.0,1.0,1.0,1.0,1.0,1.0,1.0,1.0,1.0,1.0,1.0,1.0,1.0,1.0,1.0,0.0,3.0,0.0,0.0,0.0,152.0,964.0,2.0,0.0,3.0,0.0,0.0,0.0,803.0,0.0,0.0,0.0,25797.0
52,2988.0,9728.0,154.0,0.0,144.0,0.0,0.0,0.0,0.0,0.0,4.0,149.0,295.0,34.0,25912.0,1.0,0.0,147.0,571.0,1.0,1.0,1.0,1.0,1.0,1.0,1.0,1.0,1.0,1.0,1.0,1.0,1.0,1.0,1.0,1.0,1.0,1.0,1.0,1.0,1.0,1.0,1.0,1.0,1.0,1.0,1.0,1.0,1.0,1.0,1.0,1.0,1.0,1.0,1.0,1.0,1.0,1.0,1.0,1.0,1.0,1.0,1.0,1.0,1.0,1.0,1.0,1.0,1.0,1.0,1.0,1.0,1.0,1.0,1.0,1.0,1.0,1.0,1.0,1.0,1.0,1.0,1.0,1.0,1.0,0.0,3.0,0.0,0.0,0.0,152.0,987.0,3.0,0.0,3.0,0.0,0.0,0.0,801.0,0.0,0.0,0.0,25773.0
53,2988.0,8704.0,153.0,0.0,143.0,0.0,0.0,0.0,0.0,0.0,4.0,149.0,290.0,33.0,25907.0,1.0,0.0,147.0,49.0,1.0,1.0,1.0,1.0,1.0,1.0,1.0,1.0,1.0,1.0,1.0,1.0,1.0,1.0,1.0,1.0,1.0,1.0,1.0,1.0,1.0,1.0,1.0,1.0,1.0,1.0,1.0,1.0,1.0,1.0,1.0,1.0,1.0,1.0,1.0,1.0,1.0,1.0,1.0,1.0,1.0,1.0,1.0,1.0,1.0,1.0,1.0,1.0,1.0,1.0,1.0,1.0,1.0,1.0,1.0,1.0,1.0,1.0,1.0,1.0,1.0,1.0,1.0,1.0,1.0,0.0,3.0,0.0,0.0,0.0,152.0,991.0,6.0,0.0,3.0,0.0,0.0,0.0,802.0,0.0,0.0,0.0,25760.0
54,2988.0,0.0,153.0,0.0,143.0,0.0,0.0,0.0,0.0,0.0,4.0,139.0,255.0,30.0,25910.0,1.0,0.0,147.0,471.0,1.0,1.0,1.0,1.0,1.0,1.0,1.0,1.0,1.0,1.0,1.0,1.0,1.0,1.0,1.0,1.0,1.0,1.0,1.0,1.0,1.0,1.0,1.0,1.0,1.0,1.0,1.0,1.0,1.0,1.0,1.0,1.0,1.0,1.0,1.0,1.0,1.0,1.0,1.0,1.0,1.0,1.0,1.0,1.0,1.0,1.0,1.0,1.0,1.0,1.0,1.0,1.0,1.0,1.0,1.0,1.0,1.0,1.0,1.0,1.0,1.0,1.0,1.0,1.0,1.0,0.0,3.0,0.0,0.0,0.0,152.0,1005.0,1.0,0.0,3.0,0.0,0.0,0.0,801.0,0.0,0.0,0.0,25768.0
55,2988.0,27648.0,154.0,0.0,143.0,1.0,0.0,0.0,0.0,0.0,4.0,172.0,365.0,42.0,25903.0,1.0,0.0,147.0,459.0,1.0,1.0,1.0,1.0,1.0,1.0,1.0,1.0,1.0,1.0,1.0,1.0,1.0,1.0,1.0,1.0,1.0,1.0,1.0,1.0,1.0,1.0,1.0,1.0,1.0,1.0,1.0,1.0,1.0,1.0,1.0,1.0,1.0,1.0,1.0,1.0,1.0,1.0,1.0,1.0,1.0,1.0,1.0,1.0,1.0,1.0,1.0,1.0,1.0,1.0,1.0,1.0,1.0,1.0,1.0,1.0,1.0,1.0,1.0,1.0,1.0,1.0,1.0,1.0,1.0,0.0,3.0,0.0,0.0,0.0,152.0,1008.0,4.0,0.0,3.0,0.0,0.0,0.0,801.0,0.0,0.0,0.0,25765.0
56,2988.0,23552.0,154.0,0.0,143.0,1.0,0.0,0.0,0.0,0.0,5.0,166.0,348.0,40.0,25867.0,0.0,0.0,146.0,504.0,1.0,1.0,1.0,1.0,1.0,1.0,1.0,1.0,1.0,1.0,1.0,1.0,1.0,1.0,1.0,1.0,1.0,1.0,1.0,1.0,1.0,1.0,1.0,1.0,1.0,1.0,1.0,1.0,1.0,1.0,1.0,1.0,1.0,1.0,1.0,1.0,1.0,1.0,1.0,1.0,1.0,1.0,1.0,1.0,1.0,1.0,1.0,1.0,1.0,1.0,1.0,1.0,1.0,1.0,1.0,1.0,1.0,1.0,1.0,1.0,1.0,1.0,1.0,1.0,1.0,0.0,3.0,0.0,0.0,1.0,152.0,1080.0,0.0,0.0,3.0,0.0,0.0,0.0,800.0,0.0,0.0,0.0,25687.0
57,2990.0,23808.0,154.0,0.0,142.0,1.0,0.0,0.0,0.0,0.0,5.0,168.0,349.0,40.0,25866.0,0.0,0.0,147.0,500.0,1.0,1.0,1.0,1.0,1.0,1.0,1.0,1.0,1.0,1.0,1.0,1.0,1.0,1.0,1.0,1.0,1.0,1.0,1.0,1.0,1.0,1.0,1.0,1.0,1.0,1.0,1.0,1.0,1.0,1.0,1.0,1.0,1.0,1.0,1.0,1.0,1.0,1.0,1.0,1.0,1.0,1.0,1.0,1.0,1.0,1.0,1.0,1.0,1.0,1.0,1.0,1.0,1.0,1.0,1.0,1.0,1.0,1.0,1.0,1.0,1.0,1.0,1.0,1.0,1.0,0.0,3.0,0.0,0.0,1.0,152.0,1134.0,2.0,0.0,3.0,0.0,0.0,0.0,799.0,0.0,0.0,0.0,25686.0
58,2989.0,18432.0,153.0,0.0,142.0,1.0,0.0,0.0,0.0,0.0,5.0,159.0,321.0,37.0,25866.0,1.0,0.0,147.0,504.0,1.0,1.0,1.0,1.0,1.0,1.0,1.0,1.0,1.0,1.0,1.0,1.0,1.0,1.0,1.0,1.0,1.0,1.0,1.0,1.0,1.0,1.0,1.0,1.0,1.0,1.0,1.0,1.0,1.0,1.0,1.0,1.0,1.0,1.0,1.0,1.0,1.0,1.0,1.0,1.0,1.0,1.0,1.0,1.0,1.0,1.0,1.0,1.0,1.0,1.0,1.0,1.0,1.0,1.0,1.0,1.0,1.0,1.0,1.0,1.0,1.0,1.0,1.0,1.0,1.0,0.0,3.0,0.0,0.0,1.0,152.0,1170.0,5.0,0.0,3.0,0.0,0.0,0.0,798.0,0.0,0.0,0.0,25691.0
59,2988.0,22528.0,153.0,0.0,142.0,1.0,0.0,0.0,0.0,0.0,5.0,69.0,89.0,11.0,25875.0,1.0,0.0,146.0,500.0,1.0,1.0,1.0,1.0,1.0,1.0,1.0,1.0,1.0,1.0,1.0,1.0,1.0,1.0,1.0,1.0,1.0,1.0,1.0,1.0,1.0,1.0,1.0,1.0,1.0,1.0,1.0,1.0,1.0,1.0,1.0,1.0,1.0,1.0,1.0,1.0,1.0,1.0,1.0,1.0,1.0,1.0,1.0,1.0,1.0,1.0,1.0,1.0,1.0,1.0,1.0,1.0,1.0,1.0,1.0,1.0,1.0,1.0,1.0,1.0,1.0,1.0,1.0,1.0,1.0,0.0,3.0,0.0,0.0,1.0,152.0,1178.0,1.0,0.0,3.0,0.0,0.0,0.0,798.0,0.0,0.0,0.0,25713.0
60,2987.0,23040.0,153.0,0.0,143.0,1.0,0.0,0.0,0.0,0.0,5.0,68.0,90.0,11.0,25873.0,1.0,0.0,146.0,503.0,1.0,1.0,1.0,1.0,1.0,1.0,1.0,1.0,1.0,1.0,1.0,1.0,1.0,1.0,1.0,1.0,1.0,1.0,1.0,1.0,1.0,1.0,1.0,1.0,1.0,1.0,1.0,1.0,1.0,1.0,1.0,1.0,1.0,1.0,1.0,1.0,1.0,1.0,1.0,1.0,1.0,1.0,1.0,1.0,1.0,1.0,1.0,1.0,1.0,1.0,1.0,1.0,1.0,1.0,1.0,1.0,1.0,1.0,1.0,1.0,1.0,1.0,1.0,1.0,1.0,0.0,3.0,0.0,0.0,1.0,152.0,1184.0,3.0,0.0,3.0,0.0,0.0,0.0,797.0,0.0,0.0,0.0,25710.0
61,2992.0,23040.0,154.0,0.0,143.0,1.0,0.0,0.0,0.0,0.0,5.0,69.0,90.0,11.0,25875.0,1.0,0.0,146.0,509.0,1.0,1.0,1.0,1.0,1.0,1.0,1.0,1.0,1.0,1.0,1.0,1.0,1.0,1.0,1.0,1.0,1.0,1.0,1.0,1.0,1.0,1.0,1.0,1.0,1.0,1.0,1.0,1.0,1.0,1.0,1.0,1.0,1.0,1.0,1.0,1.0,1.0,1.0,1.0,1.0,1.0,1.0,1.0,1.0,1.0,1.0,1.0,1.0,1.0,1.0,1.0,1.0,1.0,1.0,1.0,1.0,1.0,1.0,1.0,1.0,1.0,1.0,1.0,1.0,1.0,0.0,3.0,0.0,0.0,1.0,152.0,1187.0,1.0,0.0,3.0,0.0,0.0,0.0,797.0,0.0,0.0,0.0,25711.0
62,2988.0,23040.0,153.0,0.0,143.0,1.0,0.0,0.0,0.0,0.0,5.0,69.0,90.0,11.0,25872.0,1.0,0.0,146.0,504.0,1.0,1.0,1.0,1.0,1.0,1.0,1.0,1.0,1.0,1.0,1.0,1.0,1.0,1.0,1.0,1.0,1.0,1.0,1.0,1.0,1.0,1.0,1.0,1.0,1.0,1.0,1.0,1.0,1.0,1.0,1.0,1.0,1.0,1.0,1.0,1.0,1.0,1.0,1.0,1.0,1.0,1.0,1.0,1.0,1.0,1.0,1.0,1.0,1.0,1.0,1.0,1.0,1.0,1.0,1.0,1.0,1.0,1.0,1.0,1.0,1.0,1.0,1.0,1.0,1.0,0.0,3.0,0.0,0.0,1.0,152.0,1190.0,3.0,0.0,3.0,0.0,0.0,0.0,797.0,0.0,0.0,0.0,25707.0
63,2987.0,22272.0,154.0,0.0,143.0,1.0,0.0,0.0,0.0,0.0,5.0,69.0,87.0,11.0,25872.0,1.0,0.0,147.0,498.0,1.0,1.0,1.0,1.0,1.0,1.0,1.0,1.0,1.0,1.0,1.0,1.0,1.0,1.0,1.0,1.0,1.0,1.0,1.0,1.0,1.0,1.0,1.0,1.0,1.0,1.0,1.0,1.0,1.0,1.0,1.0,1.0,1.0,1.0,1.0,1.0,1.0,1.0,1.0,1.0,1.0,1.0,1.0,1.0,1.0,1.0,1.0,1.0,1.0,1.0,1.0,1.0,1.0,1.0,1.0,1.0,1.0,1.0,1.0,1.0,1.0,1.0,1.0,1.0,1.0,0.0,3.0,0.0,0.0,1.0,152.0,1191.0,5.0,0.0,3.0,0.0,0.0,0.0,796.0,0.0,0.0,0.0,25703.0
64,3030.0,22784.0,153.0,0.0,143.0,1.0,0.0,0.0,0.0,0.0,5.0,70.0,89.0,11.0,25871.0,1.0,0.0,147.0,501.0,1.0,1.0,1.0,1.0,1.0,1.0,1.0,1.0,1.0,1.0,1.0,1.0,1.0,1.0,1.0,1.0,1.0,1.0,1.0,1.0,1.0,1.0,1.0,1.0,1.0,1.0,1.0,1.0,1.0,1.0,1.0,1.0,1.0,1.0,1.0,1.0,1.0,1.0,1.0,1.0,1.0,1.0,1.0,1.0,1.0,1.0,1.0,1.0,1.0,1.0,1.0,1.0,1.0,1.0,1.0,1.0,1.0,1.0,1.0,1.0,1.0,1.0,1.0,1.0,1.0,0.0,3.0,0.0,0.0,1.0,152.0,1194.0,2.0,0.0,3.0,0.0,0.0,0.0,796.0,0.0,0.0,128.0,25706.0
65,3037.0,22784.0,153.0,0.0,143.0,1.0,0.0,0.0,0.0,0.0,5.0,70.0,89.0,11.0,25870.0,1.0,0.0,147.0,498.0,1.0,1.0,1.0,1.0,1.0,1.0,1.0,1.0,1.0,1.0,1.0,1.0,1.0,1.0,1.0,1.0,1.0,1.0,1.0,1.0,1.0,1.0,1.0,1.0,1.0,1.0,1.0,1.0,1.0,1.0,1.0,1.0,1.0,1.0,1.0,1.0,1.0,1.0,1.0,1.0,1.0,1.0,1.0,1.0,1.0,1.0,1.0,1.0,1.0,1.0,1.0,1.0,1.0,1.0,1.0,1.0,1.0,1.0,1.0,1.0,1.0,1.0,1.0,1.0,1.0,0.0,3.0,0.0,0.0,1.0,153.0,1195.0,4.0,0.0,3.0,0.0,0.0,0.0,795.0,0.0,0.0,138.0,25708.0
66,3034.0,23040.0,153.0,0.0,144.0,1.0,0.0,0.0,0.0,0.0,5.0,70.0,89.0,11.0,25870.0,1.0,0.0,146.0,50.0,1.0,1.0,1.0,1.0,1.0,1.0,1.0,1.0,1.0,1.0,1.0,1.0,1.0,1.0,1.0,1.0,1.0,1.0,1.0,1.0,1.0,1.0,1.0,1.0,1.0,1.0,1.0,1.0,1.0,1.0,1.0,1.0,1.0,1.0,1.0,1.0,1.0,1.0,1.0,1.0,1.0,1.0,1.0,1.0,1.0,1.0,1.0,1.0,1.0,1.0,1.0,1.0,1.0,1.0,1.0,1.0,1.0,1.0,1.0,1.0,1.0,1.0,1.0,1.0,1.0,0.0,3.0,0.0,0.0,1.0,153.0,1197.0,6.0,0.0,3.0,0.0,0.0,0.0,794.0,0.0,0.0,0.0,25706.0
67,2992.0,22784.0,153.0,0.0,144.0,1.0,0.0,0.0,0.0,0.0,5.0,70.0,89.0,11.0,25871.0,1.0,0.0,147.0,473.0,1.0,1.0,1.0,1.0,1.0,1.0,1.0,1.0,1.0,1.0,1.0,1.0,1.0,1.0,1.0,1.0,1.0,1.0,1.0,1.0,1.0,1.0,1.0,1.0,1.0,1.0,1.0,1.0,1.0,1.0,1.0,1.0,1.0,1.0,1.0,1.0,1.0,1.0,1.0,1.0,1.0,1.0,1.0,1.0,1.0,1.0,1.0,1.0,1.0,1.0,1.0,1.0,1.0,1.0,1.0,1.0,1.0,1.0,1.0,1.0,1.0,1.0,1.0,1.0,1.0,0.0,3.0,0.0,0.0,1.0,152.0,1199.0,3.0,0.0,3.0,0.0,0.0,0.0,795.0,0.0,0.0,0.0,25706.0
68,2995.0,23040.0,153.0,0.0,143.0,1.0,0.0,0.0,0.0,0.0,5.0,70.0,90.0,11.0,25870.0,1.0,0.0,146.0,496.0,1.0,1.0,1.0,1.0,1.0,1.0,1.0,1.0,1.0,1.0,1.0,1.0,1.0,1.0,1.0,1.0,1.0,1.0,1.0,1.0,1.0,1.0,1.0,1.0,1.0,1.0,1.0,1.0,1.0,1.0,1.0,1.0,1.0,1.0,1.0,1.0,1.0,1.0,1.0,1.0,1.0,1.0,1.0,1.0,1.0,1.0,1.0,1.0,1.0,1.0,1.0,1.0,1.0,1.0,1.0,1.0,1.0,1.0,1.0,1.0,1.0,1.0,1.0,1.0,1.0,0.0,3.0,0.0,0.0,1.0,153.0,1201.0,5.0,0.0,3.0,0.0,0.0,0.0,794.0,0.0,0.0,0.0,25703.0
69,2998.0,22528.0,153.0,0.0,143.0,1.0,0.0,0.0,0.0,0.0,5.0,70.0,89.0,11.0,25867.0,1.0,0.0,146.0,498.0,1.0,1.0,1.0,1.0,1.0,1.0,1.0,1.0,1.0,1.0,1.0,1.0,1.0,1.0,1.0,1.0,1.0,1.0,1.0,1.0,1.0,1.0,1.0,1.0,1.0,1.0,1.0,1.0,1.0,1.0,1.0,1.0,1.0,1.0,1.0,1.0,1.0,1.0,1.0,1.0,1.0,1.0,1.0,1.0,1.0,1.0,1.0,1.0,1.0,1.0,1.0,1.0,1.0,1.0,1.0,1.0,1.0,1.0,1.0,1.0,1.0,1.0,1.0,1.0,1.0,0.0,3.0,0.0,0.0,1.0,152.0,1204.0,0.0,0.0,3.0,0.0,0.0,0.0,794.0,0.0,0.0,0.0,25707.0
70,2998.0,23040.0,153.0,0.0,143.0,1.0,0.0,0.0,0.0,0.0,5.0,70.0,89.0,11.0,25866.0,1.0,0.0,146.0,50.0,1.0,1.0,1.0,1.0,1.0,1.0,1.0,1.0,1.0,1.0,1.0,1.0,1.0,1.0,1.0,1.0,1.0,1.0,1.0,1.0,1.0,1.0,1.0,1.0,1.0,1.0,1.0,1.0,1.0,1.0,1.0,1.0,1.0,1.0,1.0,1.0,1.0,1.0,1.0,1.0,1.0,1.0,1.0,1.0,1.0,1.0,1.0,1.0,1.0,1.0,1.0,1.0,1.0,1.0,1.0,1.0,1.0,1.0,1.0,1.0,1.0,1.0,1.0,1.0,1.0,0.0,3.0,0.0,0.0,1.0,152.0,1202.0,3.0,0.0,3.0,0.0,0.0,0.0,793.0,0.0,0.0,0.0,25703.0
71,2991.0,23040.0,153.0,0.0,143.0,1.0,0.0,0.0,0.0,0.0,5.0,69.0,89.0,11.0,25867.0,1.0,0.0,147.0,501.0,1.0,1.0,1.0,1.0,1.0,1.0,1.0,1.0,1.0,1.0,1.0,1.0,1.0,1.0,1.0,1.0,1.0,1.0,1.0,1.0,1.0,1.0,1.0,1.0,1.0,1.0,1.0,1.0,1.0,1.0,1.0,1.0,1.0,1.0,1.0,1.0,1.0,1.0,1.0,1.0,1.0,1.0,1.0,1.0,1.0,1.0,1.0,1.0,1.0,1.0,1.0,1.0,1.0,1.0,1.0,1.0,1.0,1.0,1.0,1.0,1.0,1.0,1.0,1.0,1.0,0.0,3.0,0.0,0.0,1.0,152.0,1202.0,6.0,0.0,3.0,0.0,0.0,0.0,793.0,0.0,0.0,0.0,25698.0
72,2986.0,22784.0,153.0,0.0,144.0,1.0,0.0,0.0,0.0,0.0,5.0,70.0,90.0,11.0,25865.0,1.0,0.0,147.0,50.0,1.0,1.0,1.0,1.0,1.0,1.0,1.0,1.0,1.0,1.0,1.0,1.0,1.0,1.0,1.0,1.0,1.0,1.0,1.0,1.0,1.0,1.0,1.0,1.0,1.0,1.0,1.0,1.0,1.0,1.0,1.0,1.0,1.0,1.0,1.0,1.0,1.0,1.0,1.0,1.0,1.0,1.0,1.0,1.0,1.0,1.0,1.0,1.0,1.0,1.0,1.0,1.0,1.0,1.0,1.0,1.0,1.0,1.0,1.0,1.0,1.0,1.0,1.0,1.0,1.0,0.0,3.0,0.0,0.0,1.0,152.0,1203.0,2.0,0.0,3.0,0.0,0.0,0.0,793.0,0.0,0.0,0.0,25697.0
73,2986.0,23040.0,152.0,0.0,144.0,1.0,0.0,0.0,0.0,0.0,5.0,70.0,89.0,11.0,25865.0,1.0,0.0,147.0,49.0,1.0,1.0,1.0,1.0,1.0,1.0,1.0,1.0,1.0,1.0,1.0,1.0,1.0,1.0,1.0,1.0,1.0,1.0,1.0,1.0,1.0,1.0,1.0,1.0,1.0,1.0,1.0,1.0,1.0,1.0,1.0,1.0,1.0,1.0,1.0,1.0,1.0,1.0,1.0,1.0,1.0,1.0,1.0,1.0,1.0,1.0,1.0,1.0,1.0,1.0,1.0,1.0,1.0,1.0,1.0,1.0,1.0,1.0,1.0,1.0,1.0,1.0,1.0,1.0,1.0,0.0,3.0,0.0,0.0,1.0,152.0,1202.0,4.0,0.0,3.0,0.0,0.0,0.0,792.0,0.0,0.0,0.0,25702.0
74,2984.0,22784.0,152.0,0.0,143.0,1.0,0.0,0.0,0.0,0.0,5.0,69.0,88.0,11.0,25866.0,1.0,0.0,146.0,49.0,1.0,1.0,1.0,1.0,1.0,1.0,1.0,1.0,1.0,1.0,1.0,1.0,1.0,1.0,1.0,1.0,1.0,1.0,1.0,1.0,1.0,1.0,1.0,1.0,1.0,1.0,1.0,1.0,1.0,1.0,1.0,1.0,1.0,1.0,1.0,1.0,1.0,1.0,1.0,1.0,1.0,1.0,1.0,1.0,1.0,1.0,1.0,1.0,1.0,1.0,1.0,1.0,1.0,1.0,1.0,1.0,1.0,1.0,1.0,1.0,1.0,1.0,1.0,1.0,1.0,0.0,3.0,0.0,0.0,1.0,152.0,1203.0,0.0,0.0,3.0,0.0,0.0,0.0,793.0,0.0,0.0,0.0,25698.0
75,2986.0,22784.0,152.0,0.0,143.0,1.0,0.0,0.0,0.0,0.0,5.0,70.0,90.0,11.0,25865.0,1.0,0.0,147.0,49.0,1.0,1.0,1.0,1.0,1.0,1.0,1.0,1.0,1.0,1.0,1.0,1.0,1.0,1.0,1.0,1.0,1.0,1.0,1.0,1.0,1.0,1.0,1.0,1.0,1.0,1.0,1.0,1.0,1.0,1.0,1.0,1.0,1.0,1.0,1.0,1.0,1.0,1.0,1.0,1.0,1.0,1.0,1.0,1.0,1.0,1.0,1.0,1.0,1.0,1.0,1.0,1.0,1.0,1.0,1.0,1.0,1.0,1.0,1.0,1.0,1.0,1.0,1.0,1.0,1.0,0.0,3.0,0.0,0.0,1.0,152.0,1204.0,3.0,0.0,3.0,0.0,0.0,0.0,792.0,0.0,0.0,0.0,25697.0
76,2983.0,22784.0,153.0,0.0,144.0,1.0,0.0,0.0,0.0,0.0,5.0,69.0,89.0,11.0,25862.0,1.0,0.0,146.0,504.0,1.0,1.0,1.0,1.0,1.0,1.0,1.0,1.0,1.0,1.0,1.0,1.0,1.0,1.0,1.0,1.0,1.0,1.0,1.0,1.0,1.0,1.0,1.0,1.0,1.0,1.0,1.0,1.0,1.0,1.0,1.0,1.0,1.0,1.0,1.0,1.0,1.0,1.0,1.0,1.0,1.0,1.0,1.0,1.0,1.0,1.0,1.0,1.0,1.0,1.0,1.0,1.0,1.0,1.0,1.0,1.0,1.0,1.0,1.0,1.0,1.0,1.0,1.0,1.0,1.0,0.0,3.0,0.0,0.0,1.0,152.0,1206.0,5.0,0.0,3.0,0.0,0.0,0.0,791.0,0.0,0.0,0.0,25697.0
77,2984.0,23040.0,153.0,0.0,144.0,1.0,0.0,0.0,0.0,0.0,5.0,69.0,90.0,11.0,25862.0,1.0,0.0,146.0,503.0,1.0,1.0,1.0,1.0,1.0,1.0,1.0,1.0,1.0,1.0,1.0,1.0,1.0,1.0,1.0,1.0,1.0,1.0,1.0,1.0,1.0,1.0,1.0,1.0,1.0,1.0,1.0,1.0,1.0,1.0,1.0,1.0,1.0,1.0,1.0,1.0,1.0,1.0,1.0,1.0,1.0,1.0,1.0,1.0,1.0,1.0,1.0,1.0,1.0,1.0,1.0,1.0,1.0,1.0,1.0,1.0,1.0,1.0,1.0,1.0,1.0,1.0,1.0,1.0,1.0,0.0,3.0,0.0,0.0,1.0,152.0,1203.0,1.0,0.0,3.0,0.0,0.0,0.0,791.0,0.0,0.0,0.0,25702.0
78,2986.0,23040.0,153.0,0.0,144.0,1.0,0.0,0.0,0.0,0.0,5.0,69.0,89.0,11.0,25861.0,1.0,0.0,146.0,500.0,1.0,1.0,1.0,1.0,1.0,1.0,1.0,1.0,1.0,1.0,1.0,1.0,1.0,1.0,1.0,1.0,1.0,1.0,1.0,1.0,1.0,1.0,1.0,1.0,1.0,1.0,1.0,1.0,1.0,1.0,1.0,1.0,1.0,1.0,1.0,1.0,1.0,1.0,1.0,1.0,1.0,1.0,1.0,1.0,1.0,1.0,1.0,1.0,1.0,1.0,1.0,1.0,1.0,1.0,1.0,1.0,1.0,1.0,1.0,1.0,1.0,1.0,1.0,1.0,1.0,0.0,3.0,0.0,0.0,1.0,152.0,1203.0,4.0,0.0,3.0,0.0,0.0,0.0,791.0,0.0,0.0,0.0,25698.0
79,2986.0,22528.0,153.0,0.0,144.0,1.0,0.0,0.0,0.0,0.0,5.0,69.0,89.0,11.0,25862.0,1.0,0.0,146.0,503.0,1.0,1.0,1.0,1.0,1.0,1.0,1.0,1.0,1.0,1.0,1.0,1.0,1.0,1.0,1.0,1.0,1.0,1.0,1.0,1.0,1.0,1.0,1.0,1.0,1.0,1.0,1.0,1.0,1.0,1.0,1.0,1.0,1.0,1.0,1.0,1.0,1.0,1.0,1.0,1.0,1.0,1.0,1.0,1.0,1.0,1.0,1.0,1.0,1.0,1.0,1.0,1.0,1.0,1.0,1.0,1.0,1.0,1.0,1.0,1.0,1.0,1.0,1.0,1.0,1.0,0.0,3.0,0.0,0.0,1.0,151.0,1202.0,0.0,0.0,3.0,0.0,0.0,0.0,790.0,0.0,0.0,0.0,25697.0
80,2980.0,22528.0,153.0,0.0,144.0,1.0,0.0,0.0,0.0,0.0,5.0,70.0,88.0,11.0,25861.0,1.0,0.0,146.0,495.0,1.0,1.0,1.0,1.0,1.0,1.0,1.0,1.0,1.0,1.0,1.0,1.0,1.0,1.0,1.0,1.0,1.0,1.0,1.0,1.0,1.0,1.0,1.0,1.0,1.0,1.0,1.0,1.0,1.0,1.0,1.0,1.0,1.0,1.0,1.0,1.0,1.0,1.0,1.0,1.0,1.0,1.0,1.0,1.0,1.0,1.0,1.0,1.0,1.0,1.0,1.0,1.0,1.0,1.0,1.0,1.0,1.0,1.0,1.0,1.0,1.0,1.0,1.0,1.0,1.0,0.0,3.0,0.0,0.0,1.0,151.0,1203.0,4.0,0.0,3.0,0.0,0.0,0.0,789.0,0.0,0.0,0.0,25698.0
81,2980.0,22528.0,153.0,0.0,144.0,1.0,0.0,0.0,0.0,0.0,5.0,69.0,89.0,11.0,25861.0,1.0,0.0,146.0,487.0,1.0,1.0,1.0,1.0,1.0,1.0,1.0,1.0,1.0,1.0,1.0,1.0,1.0,1.0,1.0,1.0,1.0,1.0,1.0,1.0,1.0,1.0,1.0,1.0,1.0,1.0,1.0,1.0,1.0,1.0,1.0,1.0,1.0,1.0,1.0,1.0,1.0,1.0,1.0,1.0,1.0,1.0,1.0,1.0,1.0,1.0,1.0,1.0,1.0,1.0,1.0,1.0,1.0,1.0,1.0,1.0,1.0,1.0,1.0,1.0,1.0,1.0,1.0,1.0,1.0,0.0,3.0,0.0,0.0,1.0,152.0,1203.0,6.0,0.0,3.0,0.0,0.0,0.0,789.0,0.0,0.0,0.0,25696.0
82,2982.0,22784.0,153.0,0.0,144.0,1.0,0.0,0.0,0.0,0.0,5.0,69.0,90.0,11.0,25861.0,1.0,0.0,146.0,50.0,1.0,1.0,1.0,1.0,1.0,1.0,1.0,1.0,1.0,1.0,1.0,1.0,1.0,1.0,1.0,1.0,1.0,1.0,1.0,1.0,1.0,1.0,1.0,1.0,1.0,1.0,1.0,1.0,1.0,1.0,1.0,1.0,1.0,1.0,1.0,1.0,1.0,1.0,1.0,1.0,1.0,1.0,1.0,1.0,1.0,1.0,1.0,1.0,1.0,1.0,1.0,1.0,1.0,1.0,1.0,1.0,1.0,1.0,1.0,1.0,1.0,1.0,1.0,1.0,1.0,0.0,3.0,0.0,0.0,1.0,151.0,1203.0,1.0,0.0,3.0,0.0,0.0,0.0,789.0,0.0,0.0,0.0,25690.0
83,2983.0,22784.0,153.0,0.0,144.0,1.0,0.0,0.0,0.0,0.0,5.0,69.0,89.0,11.0,25860.0,1.0,0.0,146.0,48.0,1.0,1.0,1.0,1.0,1.0,1.0,1.0,1.0,1.0,1.0,1.0,1.0,1.0,1.0,1.0,1.0,1.0,1.0,1.0,1.0,1.0,1.0,1.0,1.0,1.0,1.0,1.0,1.0,1.0,1.0,1.0,1.0,1.0,1.0,1.0,1.0,1.0,1.0,1.0,1.0,1.0,1.0,1.0,1.0,1.0,1.0,1.0,1.0,1.0,1.0,1.0,1.0,1.0,1.0,1.0,1.0,1.0,1.0,1.0,1.0,1.0,1.0,1.0,1.0,1.0,0.0,3.0,0.0,0.0,1.0,152.0,1202.0,5.0,0.0,3.0,0.0,0.0,0.0,789.0,0.0,0.0,0.0,25692.0
84,3035.0,23040.0,153.0,0.0,144.0,1.0,0.0,0.0,0.0,0.0,5.0,70.0,88.0,11.0,25858.0,1.0,0.0,146.0,500.0,1.0,1.0,1.0,1.0,1.0,1.0,1.0,1.0,1.0,1.0,1.0,1.0,1.0,1.0,1.0,1.0,1.0,1.0,1.0,1.0,1.0,1.0,1.0,1.0,1.0,1.0,1.0,1.0,1.0,1.0,1.0,1.0,1.0,1.0,1.0,1.0,1.0,1.0,1.0,1.0,1.0,1.0,1.0,1.0,1.0,1.0,1.0,1.0,1.0,1.0,1.0,1.0,1.0,1.0,1.0,1.0,1.0,1.0,1.0,1.0,1.0,1.0,1.0,1.0,1.0,0.0,3.0,0.0,0.0,1.0,152.0,1203.0,0.0,0.0,3.0,0.0,0.0,0.0,787.0,0.0,0.0,128.0,25697.0
85,3077.0,22784.0,153.0,0.0,144.0,1.0,0.0,0.0,0.0,0.0,5.0,69.0,89.0,11.0,25858.0,1.0,0.0,146.0,501.0,1.0,1.0,1.0,1.0,1.0,1.0,1.0,1.0,1.0,1.0,1.0,1.0,1.0,1.0,1.0,1.0,1.0,1.0,1.0,1.0,1.0,1.0,1.0,1.0,1.0,1.0,1.0,1.0,1.0,1.0,1.0,1.0,1.0,1.0,1.0,1.0,1.0,1.0,1.0,1.0,1.0,1.0,1.0,1.0,1.0,1.0,1.0,1.0,1.0,1.0,1.0,1.0,1.0,1.0,1.0,1.0,1.0,1.0,1.0,1.0,1.0,1.0,1.0,1.0,1.0,0.0,3.0,0.0,0.0,1.0,152.0,1203.0,2.0,0.0,3.0,0.0,0.0,0.0,787.0,0.0,0.0,232.0,25696.0
86,2998.0,22784.0,153.0,0.0,144.0,1.0,0.0,0.0,0.0,0.0,5.0,70.0,90.0,11.0,25856.0,1.0,0.0,146.0,493.0,1.0,1.0,1.0,1.0,1.0,1.0,1.0,1.0,1.0,1.0,1.0,1.0,1.0,1.0,1.0,1.0,1.0,1.0,1.0,1.0,1.0,1.0,1.0,1.0,1.0,1.0,1.0,1.0,1.0,1.0,1.0,1.0,1.0,1.0,1.0,1.0,1.0,1.0,1.0,1.0,1.0,1.0,1.0,1.0,1.0,1.0,1.0,1.0,1.0,1.0,1.0,1.0,1.0,1.0,1.0,1.0,1.0,1.0,1.0,1.0,1.0,1.0,1.0,1.0,1.0,0.0,3.0,0.0,0.0,1.0,152.0,1202.0,6.0,0.0,3.0,0.0,0.0,0.0,786.0,0.0,0.0,0.0,25691.0
87,2997.0,22784.0,153.0,0.0,143.0,1.0,0.0,0.0,0.0,0.0,5.0,70.0,90.0,11.0,25857.0,1.0,0.0,146.0,501.0,1.0,1.0,1.0,1.0,1.0,1.0,1.0,1.0,1.0,1.0,1.0,1.0,1.0,1.0,1.0,1.0,1.0,1.0,1.0,1.0,1.0,1.0,1.0,1.0,1.0,1.0,1.0,1.0,1.0,1.0,1.0,1.0,1.0,1.0,1.0,1.0,1.0,1.0,1.0,1.0,1.0,1.0,1.0,1.0,1.0,1.0,1.0,1.0,1.0,1.0,1.0,1.0,1.0,1.0,1.0,1.0,1.0,1.0,1.0,1.0,1.0,1.0,1.0,1.0,1.0,0.0,3.0,0.0,0.0,1.0,152.0,1203.0,1.0,0.0,3.0,0.0,0.0,0.0,785.0,0.0,0.0,0.0,25692.0
88,2998.0,23040.0,153.0,0.0,144.0,1.0,0.0,0.0,0.0,0.0,5.0,69.0,90.0,11.0,25856.0,1.0,0.0,146.0,482.0,1.0,1.0,1.0,1.0,1.0,1.0,1.0,1.0,1.0,1.0,1.0,1.0,1.0,1.0,1.0,1.0,1.0,1.0,1.0,1.0,1.0,1.0,1.0,1.0,1.0,1.0,1.0,1.0,1.0,1.0,1.0,1.0,1.0,1.0,1.0,1.0,1.0,1.0,1.0,1.0,1.0,1.0,1.0,1.0,1.0,1.0,1.0,1.0,1.0,1.0,1.0,1.0,1.0,1.0,1.0,1.0,1.0,1.0,1.0,1.0,1.0,1.0,1.0,1.0,1.0,0.0,3.0,0.0,0.0,1.0,152.0,1204.0,4.0,0.0,3.0,0.0,0.0,0.0,785.0,0.0,0.0,0.0,25692.0
89,2972.0,22784.0,153.0,0.0,144.0,1.0,0.0,0.0,0.0,0.0,5.0,70.0,89.0,11.0,25855.0,1.0,0.0,146.0,492.0,1.0,1.0,1.0,1.0,1.0,1.0,1.0,1.0,1.0,1.0,1.0,1.0,1.0,1.0,1.0,1.0,1.0,1.0,1.0,1.0,1.0,1.0,1.0,1.0,1.0,1.0,1.0,1.0,1.0,1.0,1.0,1.0,1.0,1.0,1.0,1.0,1.0,1.0,1.0,1.0,1.0,1.0,1.0,1.0,1.0,1.0,1.0,1.0,1.0,1.0,1.0,1.0,1.0,1.0,1.0,1.0,1.0,1.0,1.0,1.0,1.0,1.0,1.0,1.0,1.0,0.0,3.0,0.0,0.0,1.0,152.0,1201.0,6.0,0.0,3.0,0.0,0.0,0.0,785.0,0.0,0.0,0.0,25693.0
90,2974.0,23040.0,153.0,0.0,143.0,1.0,0.0,0.0,0.0,0.0,5.0,70.0,90.0,11.0,25855.0,1.0,0.0,146.0,510.0,1.0,1.0,1.0,1.0,1.0,1.0,1.0,1.0,1.0,1.0,1.0,1.0,1.0,1.0,1.0,1.0,1.0,1.0,1.0,1.0,1.0,1.0,1.0,1.0,1.0,1.0,1.0,1.0,1.0,1.0,1.0,1.0,1.0,1.0,1.0,1.0,1.0,1.0,1.0,1.0,1.0,1.0,1.0,1.0,1.0,1.0,1.0,1.0,1.0,1.0,1.0,1.0,1.0,1.0,1.0,1.0,1.0,1.0,1.0,1.0,1.0,1.0,1.0,1.0,1.0,0.0,3.0,0.0,0.0,1.0,152.0,1200.0,2.0,0.0,3.0,0.0,0.0,0.0,784.0,0.0,0.0,0.0,25692.0
91,2972.0,54784.0,152.0,0.0,144.0,1.0,0.0,0.0,0.0,0.0,5.0,111.0,214.0,25.0,25843.0,1.0,0.0,146.0,495.0,1.0,1.0,1.0,1.0,1.0,1.0,1.0,1.0,1.0,1.0,1.0,1.0,1.0,1.0,1.0,1.0,1.0,1.0,1.0,1.0,1.0,1.0,1.0,1.0,1.0,1.0,1.0,1.0,1.0,1.0,1.0,1.0,1.0,1.0,1.0,1.0,1.0,1.0,1.0,1.0,1.0,1.0,1.0,1.0,1.0,1.0,1.0,1.0,1.0,1.0,1.0,1.0,1.0,1.0,1.0,1.0,1.0,1.0,1.0,1.0,1.0,1.0,1.0,1.0,1.0,0.0,3.0,0.0,0.0,1.0,152.0,1219.0,5.0,0.0,3.0,0.0,0.0,0.0,785.0,0.0,0.0,0.0,25670.0
92,2968.0,21504.0,152.0,0.0,144.0,1.0,0.0,0.0,0.0,0.0,5.0,166.0,340.0,39.0,25841.0,1.0,0.0,147.0,501.0,1.0,1.0,1.0,1.0,1.0,1.0,1.0,1.0,1.0,1.0,1.0,1.0,1.0,1.0,1.0,1.0,1.0,1.0,1.0,1.0,1.0,1.0,1.0,1.0,1.0,1.0,1.0,1.0,1.0,1.0,1.0,1.0,1.0,1.0,1.0,1.0,1.0,1.0,1.0,1.0,1.0,1.0,1.0,1.0,1.0,1.0,1.0,1.0,1.0,1.0,1.0,1.0,1.0,1.0,1.0,1.0,1.0,1.0,1.0,1.0,1.0,1.0,1.0,1.0,1.0,0.0,3.0,0.0,0.0,1.0,152.0,1233.0,0.0,0.0,3.0,0.0,0.0,0.0,785.0,0.0,0.0,0.0,25667.0
93,2975.0,22016.0,152.0,0.0,144.0,1.0,0.0,0.0,0.0,0.0,5.0,68.0,85.0,11.0,25853.0,1.0,0.0,147.0,509.0,1.0,1.0,1.0,1.0,1.0,1.0,1.0,1.0,1.0,1.0,1.0,1.0,1.0,1.0,1.0,1.0,1.0,1.0,1.0,1.0,1.0,1.0,1.0,1.0,1.0,1.0,1.0,1.0,1.0,1.0,1.0,1.0,1.0,1.0,1.0,1.0,1.0,1.0,1.0,1.0,1.0,1.0,1.0,1.0,1.0,1.0,1.0,1.0,1.0,1.0,1.0,1.0,1.0,1.0,1.0,1.0,1.0,1.0,1.0,1.0,1.0,1.0,1.0,1.0,1.0,0.0,3.0,0.0,0.0,1.0,152.0,1225.0,3.0,0.0,3.0,0.0,0.0,0.0,784.0,0.0,0.0,0.0,25690.0
94,2971.0,23040.0,153.0,0.0,144.0,1.0,0.0,0.0,0.0,0.0,5.0,69.0,90.0,11.0,25852.0,1.0,0.0,147.0,490.0,1.0,1.0,1.0,1.0,1.0,1.0,1.0,1.0,1.0,1.0,1.0,1.0,1.0,1.0,1.0,1.0,1.0,1.0,1.0,1.0,1.0,1.0,1.0,1.0,1.0,1.0,1.0,1.0,1.0,1.0,1.0,1.0,1.0,1.0,1.0,1.0,1.0,1.0,1.0,1.0,1.0,1.0,1.0,1.0,1.0,1.0,1.0,1.0,1.0,1.0,1.0,1.0,1.0,1.0,1.0,1.0,1.0,1.0,1.0,1.0,1.0,1.0,1.0,1.0,1.0,0.0,3.0,0.0,0.0,1.0,152.0,1219.0,6.0,0.0,3.0,0.0,0.0,0.0,784.0,0.0,0.0,0.0,25690.0
95,2974.0,22528.0,154.0,0.0,143.0,1.0,0.0,0.0,0.0,0.0,5.0,69.0,88.0,11.0,25851.0,1.0,0.0,146.0,506.0,1.0,1.0,1.0,1.0,1.0,1.0,1.0,1.0,1.0,1.0,1.0,1.0,1.0,1.0,1.0,1.0,1.0,1.0,1.0,1.0,1.0,1.0,1.0,1.0,1.0,1.0,1.0,1.0,1.0,1.0,1.0,1.0,1.0,1.0,1.0,1.0,1.0,1.0,1.0,1.0,1.0,1.0,1.0,1.0,1.0,1.0,1.0,1.0,1.0,1.0,1.0,1.0,1.0,1.0,1.0,1.0,1.0,1.0,1.0,1.0,1.0,1.0,1.0,1.0,1.0,0.0,3.0,0.0,0.0,1.0,152.0,1213.0,1.0,0.0,3.0,0.0,0.0,0.0,784.0,0.0,0.0,0.0,25690.0
96,2971.0,22528.0,153.0,0.0,143.0,1.0,0.0,0.0,0.0,0.0,5.0,70.0,88.0,11.0,25852.0,1.0,0.0,146.0,504.0,1.0,1.0,1.0,1.0,1.0,1.0,1.0,1.0,1.0,1.0,1.0,1.0,1.0,1.0,1.0,1.0,1.0,1.0,1.0,1.0,1.0,1.0,1.0,1.0,1.0,1.0,1.0,1.0,1.0,1.0,1.0,1.0,1.0,1.0,1.0,1.0,1.0,1.0,1.0,1.0,1.0,1.0,1.0,1.0,1.0,1.0,1.0,1.0,1.0,1.0,1.0,1.0,1.0,1.0,1.0,1.0,1.0,1.0,1.0,1.0,1.0,1.0,1.0,1.0,1.0,0.0,3.0,0.0,0.0,1.0,152.0,1212.0,6.0,0.0,3.0,0.0,0.0,0.0,784.0,0.0,0.0,0.0,25691.0
97,2972.0,23040.0,153.0,0.0,144.0,1.0,0.0,0.0,0.0,0.0,5.0,69.0,89.0,11.0,25852.0,1.0,0.0,146.0,500.0,1.0,1.0,1.0,1.0,1.0,1.0,1.0,1.0,1.0,1.0,1.0,1.0,1.0,1.0,1.0,1.0,1.0,1.0,1.0,1.0,1.0,1.0,1.0,1.0,1.0,1.0,1.0,1.0,1.0,1.0,1.0,1.0,1.0,1.0,1.0,1.0,1.0,1.0,1.0,1.0,1.0,1.0,1.0,1.0,1.0,1.0,1.0,1.0,1.0,1.0,1.0,1.0,1.0,1.0,1.0,1.0,1.0,1.0,1.0,1.0,1.0,1.0,1.0,1.0,1.0,0.0,3.0,0.0,0.0,1.0,152.0,1209.0,1.0,0.0,3.0,0.0,0.0,0.0,784.0,0.0,0.0,0.0,25690.0
98,2972.0,22784.0,153.0,0.0,143.0,1.0,0.0,0.0,0.0,0.0,5.0,69.0,89.0,11.0,25851.0,1.0,0.0,146.0,506.0,1.0,1.0,1.0,1.0,1.0,1.0,1.0,1.0,1.0,1.0,1.0,1.0,1.0,1.0,1.0,1.0,1.0,1.0,1.0,1.0,1.0,1.0,1.0,1.0,1.0,1.0,1.0,1.0,1.0,1.0,1.0,1.0,1.0,1.0,1.0,1.0,1.0,1.0,1.0,1.0,1.0,1.0,1.0,1.0,1.0,1.0,1.0,1.0,1.0,1.0,1.0,1.0,1.0,1.0,1.0,1.0,1.0,1.0,1.0,1.0,1.0,1.0,1.0,1.0,1.0,0.0,3.0,0.0,0.0,1.0,152.0,1210.0,3.0,0.0,3.0,0.0,0.0,0.0,784.0,0.0,0.0,0.0,25687.0
99,2972.0,23040.0,153.0,0.0,143.0,1.0,0.0,0.0,0.0,0.0,5.0,69.0,89.0,11.0,25850.0,1.0,0.0,147.0,500.0,1.0,1.0,1.0,1.0,1.0,1.0,1.0,1.0,1.0,1.0,1.0,1.0,1.0,1.0,1.0,1.0,1.0,1.0,1.0,1.0,1.0,1.0,1.0,1.0,1.0,1.0,1.0,1.0,1.0,1.0,1.0,1.0,1.0,1.0,1.0,1.0,1.0,1.0,1.0,1.0,1.0,1.0,1.0,1.0,1.0,1.0,1.0,1.0,1.0,1.0,1.0,1.0,1.0,1.0,1.0,1.0,1.0,1.0,1.0,1.0,1.0,1.0,1.0,1.0,1.0,0.0,3.0,0.0,0.0,1.0,152.0,1207.0,0.0,0.0,3.0,0.0,0.0,0.0,783.0,0.0,0.0,0.0,25690.0
100,2971.0,23040.0,153.0,0.0,143.0,1.0,0.0,0.0,0.0,0.0,5.0,69.0,90.0,11.0,25850.0,1.0,0.0,147.0,496.0,1.0,1.0,1.0,1.0,1.0,1.0,1.0,1.0,1.0,1.0,1.0,1.0,1.0,1.0,1.0,1.0,1.0,1.0,1.0,1.0,1.0,1.0,1.0,1.0,1.0,1.0,1.0,1.0,1.0,1.0,1.0,1.0,1.0,1.0,1.0,1.0,1.0,1.0,1.0,1.0,1.0,1.0,1.0,1.0,1.0,1.0,1.0,1.0,1.0,1.0,1.0,1.0,1.0,1.0,1.0,1.0,1.0,1.0,1.0,1.0,1.0,1.0,1.0,1.0,1.0,0.0,3.0,0.0,0.0,1.0,152.0,1210.0,2.0,0.0,3.0,0.0,0.0,0.0,783.0,0.0,0.0,0.0,25687.0
101,2974.0,22528.0,153.0,0.0,143.0,1.0,0.0,0.0,0.0,0.0,5.0,69.0,88.0,11.0,25848.0,1.0,0.0,147.0,501.0,1.0,1.0,1.0,1.0,1.0,1.0,1.0,1.0,1.0,1.0,1.0,1.0,1.0,1.0,1.0,1.0,1.0,1.0,1.0,1.0,1.0,1.0,1.0,1.0,1.0,1.0,1.0,1.0,1.0,1.0,1.0,1.0,1.0,1.0,1.0,1.0,1.0,1.0,1.0,1.0,1.0,1.0,1.0,1.0,1.0,1.0,1.0,1.0,1.0,1.0,1.0,1.0,1.0,1.0,1.0,1.0,1.0,1.0,1.0,1.0,1.0,1.0,1.0,1.0,1.0,0.0,3.0,0.0,0.0,1.0,152.0,1209.0,4.0,0.0,3.0,0.0,0.0,0.0,783.0,0.0,0.0,0.0,25688.0
102,2972.0,23040.0,153.0,0.0,142.0,1.0,0.0,0.0,0.0,0.0,5.0,70.0,89.0,11.0,25848.0,1.0,0.0,147.0,510.0,1.0,1.0,1.0,1.0,1.0,1.0,1.0,1.0,1.0,1.0,1.0,1.0,1.0,1.0,1.0,1.0,1.0,1.0,1.0,1.0,1.0,1.0,1.0,1.0,1.0,1.0,1.0,1.0,1.0,1.0,1.0,1.0,1.0,1.0,1.0,1.0,1.0,1.0,1.0,1.0,1.0,1.0,1.0,1.0,1.0,1.0,1.0,1.0,1.0,1.0,1.0,1.0,1.0,1.0,1.0,1.0,1.0,1.0,1.0,1.0,1.0,1.0,1.0,1.0,1.0,0.0,3.0,0.0,0.0,1.0,153.0,1212.0,1.0,0.0,3.0,0.0,0.0,0.0,783.0,0.0,0.0,0.0,25687.0
103,2971.0,22784.0,152.0,0.0,143.0,1.0,0.0,0.0,0.0,0.0,5.0,69.0,89.0,11.0,25850.0,1.0,0.0,146.0,490.0,1.0,1.0,1.0,1.0,1.0,1.0,1.0,1.0,1.0,1.0,1.0,1.0,1.0,1.0,1.0,1.0,1.0,1.0,1.0,1.0,1.0,1.0,1.0,1.0,1.0,1.0,1.0,1.0,1.0,1.0,1.0,1.0,1.0,1.0,1.0,1.0,1.0,1.0,1.0,1.0,1.0,1.0,1.0,1.0,1.0,1.0,1.0,1.0,1.0,1.0,1.0,1.0,1.0,1.0,1.0,1.0,1.0,1.0,1.0,1.0,1.0,1.0,1.0,1.0,1.0,0.0,3.0,0.0,0.0,1.0,153.0,1213.0,3.0,0.0,3.0,0.0,0.0,0.0,782.0,0.0,0.0,0.0,25686.0
104,2973.0,22784.0,153.0,0.0,143.0,1.0,0.0,0.0,0.0,0.0,5.0,69.0,90.0,11.0,25847.0,1.0,0.0,146.0,514.0,1.0,1.0,1.0,1.0,1.0,1.0,1.0,1.0,1.0,1.0,1.0,1.0,1.0,1.0,1.0,1.0,1.0,1.0,1.0,1.0,1.0,1.0,1.0,1.0,1.0,1.0,1.0,1.0,1.0,1.0,1.0,1.0,1.0,1.0,1.0,1.0,1.0,1.0,1.0,1.0,1.0,1.0,1.0,1.0,1.0,1.0,1.0,1.0,1.0,1.0,1.0,1.0,1.0,1.0,1.0,1.0,1.0,1.0,1.0,1.0,1.0,1.0,1.0,1.0,1.0,0.0,3.0,0.0,0.0,1.0,152.0,1211.0,5.0,0.0,3.0,0.0,0.0,0.0,781.0,0.0,0.0,0.0,25686.0
105,2970.0,23040.0,152.0,0.0,143.0,1.0,0.0,0.0,0.0,0.0,5.0,69.0,90.0,11.0,25848.0,1.0,0.0,146.0,500.0,1.0,1.0,1.0,1.0,1.0,1.0,1.0,1.0,1.0,1.0,1.0,1.0,1.0,1.0,1.0,1.0,1.0,1.0,1.0,1.0,1.0,1.0,1.0,1.0,1.0,1.0,1.0,1.0,1.0,1.0,1.0,1.0,1.0,1.0,1.0,1.0,1.0,1.0,1.0,1.0,1.0,1.0,1.0,1.0,1.0,1.0,1.0,1.0,1.0,1.0,1.0,1.0,1.0,1.0,1.0,1.0,1.0,1.0,1.0,1.0,1.0,1.0,1.0,1.0,1.0,0.0,3.0,0.0,0.0,1.0,153.0,1210.0,3.0,0.0,3.0,0.0,0.0,0.0,780.0,0.0,0.0,0.0,25685.0
106,2970.0,22528.0,152.0,0.0,143.0,1.0,0.0,0.0,0.0,0.0,5.0,70.0,88.0,11.0,25847.0,1.0,0.0,146.0,50.0,1.0,1.0,1.0,1.0,1.0,1.0,1.0,1.0,1.0,1.0,1.0,1.0,1.0,1.0,1.0,1.0,1.0,1.0,1.0,1.0,1.0,1.0,1.0,1.0,1.0,1.0,1.0,1.0,1.0,1.0,1.0,1.0,1.0,1.0,1.0,1.0,1.0,1.0,1.0,1.0,1.0,1.0,1.0,1.0,1.0,1.0,1.0,1.0,1.0,1.0,1.0,1.0,1.0,1.0,1.0,1.0,1.0,1.0,1.0,1.0,1.0,1.0,1.0,1.0,1.0,0.0,3.0,0.0,0.0,1.0,153.0,1208.0,4.0,0.0,3.0,0.0,0.0,0.0,779.0,0.0,0.0,0.0,25682.0
107,2972.0,22784.0,152.0,0.0,143.0,1.0,0.0,0.0,0.0,0.0,5.0,70.0,89.0,11.0,25847.0,1.0,0.0,146.0,496.0,1.0,1.0,1.0,1.0,1.0,1.0,1.0,1.0,1.0,1.0,1.0,1.0,1.0,1.0,1.0,1.0,1.0,1.0,1.0,1.0,1.0,1.0,1.0,1.0,1.0,1.0,1.0,1.0,1.0,1.0,1.0,1.0,1.0,1.0,1.0,1.0,1.0,1.0,1.0,1.0,1.0,1.0,1.0,1.0,1.0,1.0,1.0,1.0,1.0,1.0,1.0,1.0,1.0,1.0,1.0,1.0,1.0,1.0,1.0,1.0,1.0,1.0,1.0,1.0,1.0,0.0,3.0,0.0,0.0,1.0,152.0,1207.0,0.0,0.0,3.0,0.0,0.0,0.0,779.0,0.0,0.0,0.0,25686.0
108,2971.0,23040.0,153.0,0.0,143.0,1.0,0.0,0.0,0.0,0.0,5.0,68.0,90.0,11.0,25846.0,1.0,0.0,146.0,50.0,1.0,1.0,1.0,1.0,1.0,1.0,1.0,1.0,1.0,1.0,1.0,1.0,1.0,1.0,1.0,1.0,1.0,1.0,1.0,1.0,1.0,1.0,1.0,1.0,1.0,1.0,1.0,1.0,1.0,1.0,1.0,1.0,1.0,1.0,1.0,1.0,1.0,1.0,1.0,1.0,1.0,1.0,1.0,1.0,1.0,1.0,1.0,1.0,1.0,1.0,1.0,1.0,1.0,1.0,1.0,1.0,1.0,1.0,1.0,1.0,1.0,1.0,1.0,1.0,1.0,0.0,3.0,0.0,0.0,1.0,152.0,1205.0,2.0,0.0,3.0,0.0,0.0,0.0,779.0,0.0,0.0,0.0,25676.0
109,2970.0,22784.0,152.0,0.0,143.0,1.0,0.0,0.0,0.0,0.0,5.0,69.0,89.0,11.0,25847.0,1.0,0.0,146.0,50.0,1.0,1.0,1.0,1.0,1.0,1.0,1.0,1.0,1.0,1.0,1.0,1.0,1.0,1.0,1.0,1.0,1.0,1.0,1.0,1.0,1.0,1.0,1.0,1.0,1.0,1.0,1.0,1.0,1.0,1.0,1.0,1.0,1.0,1.0,1.0,1.0,1.0,1.0,1.0,1.0,1.0,1.0,1.0,1.0,1.0,1.0,1.0,1.0,1.0,1.0,1.0,1.0,1.0,1.0,1.0,1.0,1.0,1.0,1.0,1.0,1.0,1.0,1.0,1.0,1.0,0.0,3.0,0.0,0.0,1.0,152.0,1205.0,5.0,0.0,3.0,0.0,0.0,0.0,780.0,0.0,0.0,0.0,25680.0
110,2975.0,23040.0,152.0,0.0,143.0,1.0,0.0,0.0,0.0,0.0,5.0,70.0,90.0,11.0,25846.0,1.0,0.0,146.0,510.0,1.0,1.0,1.0,1.0,1.0,1.0,1.0,1.0,1.0,1.0,1.0,1.0,1.0,1.0,1.0,1.0,1.0,1.0,1.0,1.0,1.0,1.0,1.0,1.0,1.0,1.0,1.0,1.0,1.0,1.0,1.0,1.0,1.0,1.0,1.0,1.0,1.0,1.0,1.0,1.0,1.0,1.0,1.0,1.0,1.0,1.0,1.0,1.0,1.0,1.0,1.0,1.0,1.0,1.0,1.0,1.0,1.0,1.0,1.0,1.0,1.0,1.0,1.0,1.0,1.0,0.0,3.0,0.0,0.0,1.0,152.0,1206.0,1.0,0.0,3.0,0.0,0.0,0.0,780.0,0.0,0.0,0.0,25682.0
111,2973.0,22784.0,152.0,0.0,143.0,1.0,0.0,0.0,0.0,0.0,5.0,69.0,89.0,11.0,25845.0,1.0,0.0,146.0,498.0,1.0,1.0,1.0,1.0,1.0,1.0,1.0,1.0,1.0,1.0,1.0,1.0,1.0,1.0,1.0,1.0,1.0,1.0,1.0,1.0,1.0,1.0,1.0,1.0,1.0,1.0,1.0,1.0,1.0,1.0,1.0,1.0,1.0,1.0,1.0,1.0,1.0,1.0,1.0,1.0,1.0,1.0,1.0,1.0,1.0,1.0,1.0,1.0,1.0,1.0,1.0,1.0,1.0,1.0,1.0,1.0,1.0,1.0,1.0,1.0,1.0,1.0,1.0,1.0,1.0,0.0,3.0,0.0,0.0,1.0,152.0,1206.0,3.0,0.0,3.0,0.0,0.0,0.0,781.0,0.0,0.0,0.0,25683.0
112,3050.0,22784.0,153.0,0.0,143.0,1.0,0.0,0.0,0.0,0.0,5.0,70.0,90.0,11.0,25846.0,1.0,0.0,146.0,489.0,1.0,1.0,1.0,1.0,1.0,1.0,1.0,1.0,1.0,1.0,1.0,1.0,1.0,1.0,1.0,1.0,1.0,1.0,1.0,1.0,1.0,1.0,1.0,1.0,1.0,1.0,1.0,1.0,1.0,1.0,1.0,1.0,1.0,1.0,1.0,1.0,1.0,1.0,1.0,1.0,1.0,1.0,1.0,1.0,1.0,1.0,1.0,1.0,1.0,1.0,1.0,1.0,1.0,1.0,1.0,1.0,1.0,1.0,1.0,1.0,1.0,1.0,1.0,1.0,1.0,0.0,3.0,0.0,0.0,1.0,152.0,1206.0,6.0,0.0,3.0,0.0,0.0,0.0,781.0,0.0,0.0,190.0,25681.0
113,2988.0,23040.0,152.0,0.0,143.0,1.0,0.0,0.0,0.0,0.0,5.0,70.0,89.0,11.0,25847.0,1.0,0.0,146.0,496.0,1.0,1.0,1.0,1.0,1.0,1.0,1.0,1.0,1.0,1.0,1.0,1.0,1.0,1.0,1.0,1.0,1.0,1.0,1.0,1.0,1.0,1.0,1.0,1.0,1.0,1.0,1.0,1.0,1.0,1.0,1.0,1.0,1.0,1.0,1.0,1.0,1.0,1.0,1.0,1.0,1.0,1.0,1.0,1.0,1.0,1.0,1.0,1.0,1.0,1.0,1.0,1.0,1.0,1.0,1.0,1.0,1.0,1.0,1.0,1.0,1.0,1.0,1.0,1.0,1.0,0.0,3.0,0.0,0.0,1.0,152.0,1207.0,2.0,0.0,3.0,0.0,0.0,0.0,780.0,0.0,0.0,0.0,25682.0
114,2988.0,20480.0,152.0,0.0,143.0,1.0,0.0,0.0,0.0,0.0,5.0,164.0,340.0,39.0,25835.0,1.0,0.0,146.0,501.0,1.0,1.0,1.0,1.0,1.0,1.0,1.0,1.0,1.0,1.0,1.0,1.0,1.0,1.0,1.0,1.0,1.0,1.0,1.0,1.0,1.0,1.0,1.0,1.0,1.0,1.0,1.0,1.0,1.0,1.0,1.0,1.0,1.0,1.0,1.0,1.0,1.0,1.0,1.0,1.0,1.0,1.0,1.0,1.0,1.0,1.0,1.0,1.0,1.0,1.0,1.0,1.0,1.0,1.0,1.0,1.0,1.0,1.0,1.0,1.0,1.0,1.0,1.0,1.0,1.0,0.0,3.0,0.0,0.0,1.0,152.0,1224.0,4.0,0.0,3.0,0.0,0.0,0.0,780.0,0.0,0.0,0.0,25661.0
115,2990.0,8193.0,153.0,0.0,144.0,1.0,0.0,0.0,0.0,0.0,5.0,263.0,557.0,63.0,25833.0,1.0,0.0,146.0,509.0,1.0,1.0,1.0,1.0,1.0,1.0,1.0,1.0,1.0,1.0,1.0,1.0,1.0,1.0,1.0,1.0,1.0,1.0,1.0,1.0,1.0,1.0,1.0,1.0,1.0,1.0,1.0,1.0,1.0,1.0,1.0,1.0,1.0,1.0,1.0,1.0,1.0,1.0,1.0,1.0,1.0,1.0,1.0,1.0,1.0,1.0,1.0,1.0,1.0,1.0,1.0,1.0,1.0,1.0,1.0,1.0,1.0,1.0,1.0,1.0,1.0,1.0,1.0,1.0,1.0,0.0,3.0,0.0,0.0,1.0,152.0,1236.0,2.0,0.0,3.0,0.0,0.0,0.0,779.0,0.0,0.0,0.0,25662.0
116,2988.0,49408.0,153.0,0.0,143.0,1.0,0.0,0.0,0.0,0.0,5.0,223.0,462.0,52.0,25832.0,1.0,0.0,146.0,500.0,1.0,1.0,1.0,1.0,1.0,1.0,1.0,1.0,1.0,1.0,1.0,1.0,1.0,1.0,1.0,1.0,1.0,1.0,1.0,1.0,1.0,1.0,1.0,1.0,1.0,1.0,1.0,1.0,1.0,1.0,1.0,1.0,1.0,1.0,1.0,1.0,1.0,1.0,1.0,1.0,1.0,1.0,1.0,1.0,1.0,1.0,1.0,1.0,1.0,1.0,1.0,1.0,1.0,1.0,1.0,1.0,1.0,1.0,1.0,1.0,1.0,1.0,1.0,1.0,1.0,0.0,3.0,0.0,0.0,1.0,152.0,1247.0,4.0,0.0,3.0,0.0,0.0,0.0,779.0,0.0,0.0,0.0,25657.0
117,2988.0,23040.0,152.0,0.0,144.0,1.0,0.0,0.0,0.0,0.0,5.0,68.0,88.0,11.0,25845.0,1.0,0.0,146.0,496.0,1.0,1.0,1.0,1.0,1.0,1.0,1.0,1.0,1.0,1.0,1.0,1.0,1.0,1.0,1.0,1.0,1.0,1.0,1.0,1.0,1.0,1.0,1.0,1.0,1.0,1.0,1.0,1.0,1.0,1.0,1.0,1.0,1.0,1.0,1.0,1.0,1.0,1.0,1.0,1.0,1.0,1.0,1.0,1.0,1.0,1.0,1.0,1.0,1.0,1.0,1.0,1.0,1.0,1.0,1.0,1.0,1.0,1.0,1.0,1.0,1.0,1.0,1.0,1.0,1.0,0.0,3.0,0.0,0.0,1.0,152.0,1234.0,6.0,0.0,3.0,0.0,0.0,0.0,779.0,0.0,0.0,0.0,25680.0
118,3273.0,22784.0,152.0,0.0,144.0,1.0,0.0,0.0,0.0,0.0,5.0,69.0,89.0,11.0,25843.0,1.0,0.0,146.0,509.0,1.0,1.0,1.0,1.0,1.0,1.0,1.0,1.0,1.0,1.0,1.0,1.0,1.0,1.0,1.0,1.0,1.0,1.0,1.0,1.0,1.0,1.0,1.0,1.0,1.0,1.0,1.0,1.0,1.0,1.0,1.0,1.0,1.0,1.0,1.0,1.0,1.0,1.0,1.0,1.0,1.0,1.0,1.0,1.0,1.0,1.0,1.0,1.0,1.0,1.0,1.0,1.0,1.0,1.0,1.0,1.0,1.0,1.0,1.0,1.0,1.0,1.0,1.0,1.0,1.0,0.0,3.0,0.0,0.0,1.0,152.0,1225.0,3.0,0.0,3.0,0.0,0.0,0.0,778.0,0.0,0.0,0.0,25682.0
119,3302.0,22784.0,152.0,0.0,144.0,1.0,0.0,0.0,0.0,0.0,5.0,69.0,90.0,11.0,25843.0,1.0,0.0,146.0,485.0,1.0,1.0,1.0,1.0,1.0,1.0,1.0,1.0,1.0,1.0,1.0,1.0,1.0,1.0,1.0,1.0,1.0,1.0,1.0,1.0,1.0,1.0,1.0,1.0,1.0,1.0,1.0,1.0,1.0,1.0,1.0,1.0,1.0,1.0,1.0,1.0,1.0,1.0,1.0,1.0,1.0,1.0,1.0,1.0,1.0,1.0,1.0,1.0,1.0,1.0,1.0,1.0,1.0,1.0,1.0,1.0,1.0,1.0,1.0,1.0,1.0,1.0,1.0,1.0,1.0,0.0,3.0,0.0,0.0,1.0,152.0,1218.0,5.0,0.0,3.0,0.0,0.0,0.0,778.0,0.0,0.0,0.0,25681.0
120,2980.0,23040.0,153.0,0.0,144.0,1.0,0.0,0.0,0.0,0.0,5.0,70.0,90.0,11.0,25843.0,1.0,0.0,147.0,501.0,1.0,1.0,1.0,1.0,1.0,1.0,1.0,1.0,1.0,1.0,1.0,1.0,1.0,1.0,1.0,1.0,1.0,1.0,1.0,1.0,1.0,1.0,1.0,1.0,1.0,1.0,1.0,1.0,1.0,1.0,1.0,1.0,1.0,1.0,1.0,1.0,1.0,1.0,1.0,1.0,1.0,1.0,1.0,1.0,1.0,1.0,1.0,1.0,1.0,1.0,1.0,1.0,1.0,1.0,1.0,1.0,1.0,1.0,1.0,1.0,1.0,1.0,1.0,1.0,1.0,0.0,3.0,0.0,0.0,1.0,152.0,1214.0,0.0,0.0,3.0,0.0,0.0,0.0,778.0,0.0,0.0,0.0,25680.0
121,2978.0,63488.0,153.0,0.0,144.0,1.0,0.0,0.0,0.0,0.0,5.0,247.0,511.0,58.0,25831.0,1.0,0.0,146.0,501.0,1.0,1.0,1.0,1.0,1.0,1.0,1.0,1.0,1.0,1.0,1.0,1.0,1.0,1.0,1.0,1.0,1.0,1.0,1.0,1.0,1.0,1.0,1.0,1.0,1.0,1.0,1.0,1.0,1.0,1.0,1.0,1.0,1.0,1.0,1.0,1.0,1.0,1.0,1.0,1.0,1.0,1.0,1.0,1.0,1.0,1.0,1.0,1.0,1.0,1.0,1.0,1.0,1.0,1.0,1.0,1.0,1.0,1.0,1.0,1.0,1.0,1.0,1.0,1.0,1.0,0.0,3.0,0.0,0.0,1.0,152.0,1229.0,4.0,0.0,3.0,0.0,0.0,0.0,778.0,0.0,0.0,0.0,25658.0
122,2976.0,6400.0,153.0,0.0,144.0,1.0,0.0,0.0,0.0,0.0,5.0,254.0,533.0,60.0,25831.0,1.0,0.0,146.0,501.0,1.0,1.0,1.0,1.0,1.0,1.0,1.0,1.0,1.0,1.0,1.0,1.0,1.0,1.0,1.0,1.0,1.0,1.0,1.0,1.0,1.0,1.0,1.0,1.0,1.0,1.0,1.0,1.0,1.0,1.0,1.0,1.0,1.0,1.0,1.0,1.0,1.0,1.0,1.0,1.0,1.0,1.0,1.0,1.0,1.0,1.0,1.0,1.0,1.0,1.0,1.0,1.0,1.0,1.0,1.0,1.0,1.0,1.0,1.0,1.0,1.0,1.0,1.0,1.0,1.0,0.0,3.0,0.0,0.0,1.0,152.0,1240.0,5.0,0.0,3.0,0.0,0.0,0.0,778.0,0.0,0.0,0.0,25657.0
123,3092.0,22784.0,152.0,0.0,144.0,1.0,0.0,0.0,0.0,0.0,5.0,69.0,88.0,11.0,25841.0,1.0,0.0,146.0,489.0,1.0,1.0,1.0,1.0,1.0,1.0,1.0,1.0,1.0,1.0,1.0,1.0,1.0,1.0,1.0,1.0,1.0,1.0,1.0,1.0,1.0,1.0,1.0,1.0,1.0,1.0,1.0,1.0,1.0,1.0,1.0,1.0,1.0,1.0,1.0,1.0,1.0,1.0,1.0,1.0,1.0,1.0,1.0,1.0,1.0,1.0,1.0,1.0,1.0,1.0,1.0,1.0,1.0,1.0,1.0,1.0,1.0,1.0,1.0,1.0,1.0,1.0,1.0,1.0,1.0,0.0,3.0,0.0,0.0,1.0,152.0,1229.0,2.0,0.0,3.0,0.0,0.0,0.0,777.0,0.0,0.0,0.0,25677.0
124,3058.0,23040.0,152.0,0.0,144.0,1.0,0.0,0.0,0.0,0.0,5.0,70.0,90.0,11.0,25840.0,1.0,0.0,146.0,487.0,1.0,1.0,1.0,1.0,1.0,1.0,1.0,1.0,1.0,1.0,1.0,1.0,1.0,1.0,1.0,1.0,1.0,1.0,1.0,1.0,1.0,1.0,1.0,1.0,1.0,1.0,1.0,1.0,1.0,1.0,1.0,1.0,1.0,1.0,1.0,1.0,1.0,1.0,1.0,1.0,1.0,1.0,1.0,1.0,1.0,1.0,1.0,1.0,1.0,1.0,1.0,1.0,1.0,1.0,1.0,1.0,1.0,1.0,1.0,1.0,1.0,1.0,1.0,1.0,1.0,0.0,3.0,0.0,0.0,1.0,152.0,1224.0,4.0,0.0,3.0,0.0,0.0,0.0,777.0,0.0,0.0,0.0,25677.0
125,2994.0,22784.0,153.0,0.0,143.0,1.0,0.0,0.0,0.0,0.0,5.0,71.0,90.0,11.0,25842.0,1.0,0.0,147.0,495.0,1.0,1.0,1.0,1.0,1.0,1.0,1.0,1.0,1.0,1.0,1.0,1.0,1.0,1.0,1.0,1.0,1.0,1.0,1.0,1.0,1.0,1.0,1.0,1.0,1.0,1.0,1.0,1.0,1.0,1.0,1.0,1.0,1.0,1.0,1.0,1.0,1.0,1.0,1.0,1.0,1.0,1.0,1.0,1.0,1.0,1.0,1.0,1.0,1.0,1.0,1.0,1.0,1.0,1.0,1.0,1.0,1.0,1.0,1.0,1.0,1.0,1.0,1.0,1.0,1.0,0.0,3.0,0.0,0.0,1.0,152.0,1217.0,0.0,0.0,3.0,0.0,0.0,0.0,777.0,0.0,0.0,0.0,25676.0
126,2994.0,22784.0,152.0,0.0,144.0,1.0,0.0,0.0,0.0,0.0,5.0,259.0,500.0,57.0,25828.0,1.0,0.0,147.0,506.0,1.0,1.0,1.0,1.0,1.0,1.0,1.0,1.0,1.0,1.0,1.0,1.0,1.0,1.0,1.0,1.0,1.0,1.0,1.0,1.0,1.0,1.0,1.0,1.0,1.0,1.0,1.0,1.0,1.0,1.0,1.0,1.0,1.0,1.0,1.0,1.0,1.0,1.0,1.0,1.0,1.0,1.0,1.0,1.0,1.0,1.0,1.0,1.0,1.0,1.0,1.0,1.0,1.0,1.0,1.0,1.0,1.0,1.0,1.0,1.0,1.0,1.0,1.0,1.0,1.0,0.0,3.0,0.0,0.0,1.0,152.0,1230.0,3.0,0.0,3.0,0.0,0.0,0.0,777.0,0.0,0.0,0.0,25656.0
127,2994.0,22784.0,152.0,0.0,144.0,1.0,0.0,0.0,0.0,0.0,5.0,68.0,86.0,11.0,25840.0,1.0,0.0,146.0,503.0,1.0,1.0,1.0,1.0,1.0,1.0,1.0,1.0,1.0,1.0,1.0,1.0,1.0,1.0,1.0,1.0,1.0,1.0,1.0,1.0,1.0,1.0,1.0,1.0,1.0,1.0,1.0,1.0,1.0,1.0,1.0,1.0,1.0,1.0,1.0,1.0,1.0,1.0,1.0,1.0,1.0,1.0,1.0,1.0,1.0,1.0,1.0,1.0,1.0,1.0,1.0,1.0,1.0,1.0,1.0,1.0,1.0,1.0,1.0,1.0,1.0,1.0,1.0,1.0,1.0,0.0,3.0,0.0,0.0,1.0,152.0,1223.0,5.0,0.0,3.0,0.0,0.0,0.0,777.0,0.0,0.0,0.0,25678.0
128,2994.0,22784.0,152.0,0.0,144.0,1.0,0.0,0.0,0.0,0.0,5.0,69.0,89.0,11.0,25840.0,1.0,0.0,146.0,495.0,1.0,1.0,1.0,1.0,1.0,1.0,1.0,1.0,1.0,1.0,1.0,1.0,1.0,1.0,1.0,1.0,1.0,1.0,1.0,1.0,1.0,1.0,1.0,1.0,1.0,1.0,1.0,1.0,1.0,1.0,1.0,1.0,1.0,1.0,1.0,1.0,1.0,1.0,1.0,1.0,1.0,1.0,1.0,1.0,1.0,1.0,1.0,1.0,1.0,1.0,1.0,1.0,1.0,1.0,1.0,1.0,1.0,1.0,1.0,1.0,1.0,1.0,1.0,1.0,1.0,0.0,3.0,0.0,0.0,1.0,151.0,1218.0,1.0,0.0,3.0,0.0,0.0,0.0,777.0,0.0,0.0,0.0,25675.0
129,3018.0,22784.0,152.0,0.0,144.0,1.0,0.0,0.0,0.0,0.0,5.0,69.0,90.0,11.0,25840.0,1.0,0.0,146.0,495.0,1.0,1.0,1.0,1.0,1.0,1.0,1.0,1.0,1.0,1.0,1.0,1.0,1.0,1.0,1.0,1.0,1.0,1.0,1.0,1.0,1.0,1.0,1.0,1.0,1.0,1.0,1.0,1.0,1.0,1.0,1.0,1.0,1.0,1.0,1.0,1.0,1.0,1.0,1.0,1.0,1.0,1.0,1.0,1.0,1.0,1.0,1.0,1.0,1.0,1.0,1.0,1.0,1.0,1.0,1.0,1.0,1.0,1.0,1.0,1.0,1.0,1.0,1.0,1.0,1.0,0.0,3.0,0.0,0.0,1.0,151.0,1213.0,5.0,0.0,3.0,0.0,0.0,0.0,776.0,0.0,0.0,0.0,25661.0
130,3063.0,23040.0,152.0,0.0,144.0,1.0,0.0,0.0,0.0,0.0,5.0,70.0,89.0,11.0,25840.0,1.0,0.0,146.0,492.0,1.0,1.0,1.0,1.0,1.0,1.0,1.0,1.0,1.0,1.0,1.0,1.0,1.0,1.0,1.0,1.0,1.0,1.0,1.0,1.0,1.0,1.0,1.0,1.0,1.0,1.0,1.0,1.0,1.0,1.0,1.0,1.0,1.0,1.0,1.0,1.0,1.0,1.0,1.0,1.0,1.0,1.0,1.0,1.0,1.0,1.0,1.0,1.0,1.0,1.0,1.0,1.0,1.0,1.0,1.0,1.0,1.0,1.0,1.0,1.0,1.0,1.0,1.0,1.0,1.0,0.0,3.0,0.0,0.0,1.0,152.0,1211.0,6.0,0.0,3.0,0.0,0.0,0.0,776.0,0.0,0.0,0.0,25677.0
131,3063.0,23040.0,152.0,0.0,144.0,1.0,0.0,0.0,0.0,0.0,5.0,278.0,526.0,60.0,25827.0,1.0,0.0,146.0,493.0,1.0,1.0,1.0,1.0,1.0,1.0,1.0,1.0,1.0,1.0,1.0,1.0,1.0,1.0,1.0,1.0,1.0,1.0,1.0,1.0,1.0,1.0,1.0,1.0,1.0,1.0,1.0,1.0,1.0,1.0,1.0,1.0,1.0,1.0,1.0,1.0,1.0,1.0,1.0,1.0,1.0,1.0,1.0,1.0,1.0,1.0,1.0,1.0,1.0,1.0,1.0,1.0,1.0,1.0,1.0,1.0,1.0,1.0,1.0,1.0,1.0,1.0,1.0,1.0,1.0,0.0,3.0,0.0,0.0,1.0,152.0,1226.0,3.0,0.0,3.0,0.0,0.0,0.0,775.0,0.0,0.0,0.0,25653.0
132,3290.0,22528.0,153.0,0.0,144.0,1.0,0.0,0.0,0.0,0.0,5.0,70.0,89.0,11.0,25838.0,1.0,0.0,146.0,503.0,1.0,1.0,1.0,1.0,1.0,1.0,1.0,1.0,1.0,1.0,1.0,1.0,1.0,1.0,1.0,1.0,1.0,1.0,1.0,1.0,1.0,1.0,1.0,1.0,1.0,1.0,1.0,1.0,1.0,1.0,1.0,1.0,1.0,1.0,1.0,1.0,1.0,1.0,1.0,1.0,1.0,1.0,1.0,1.0,1.0,1.0,1.0,1.0,1.0,1.0,1.0,1.0,1.0,1.0,1.0,1.0,1.0,1.0,1.0,1.0,1.0,1.0,1.0,1.0,1.0,0.0,3.0,0.0,0.0,1.0,151.0,1221.0,5.0,0.0,3.0,0.0,0.0,0.0,775.0,0.0,0.0,0.0,25662.0
133,3376.0,23040.0,153.0,0.0,144.0,1.0,0.0,0.0,0.0,0.0,5.0,70.0,89.0,11.0,25837.0,1.0,0.0,146.0,503.0,1.0,1.0,1.0,1.0,1.0,1.0,1.0,1.0,1.0,1.0,1.0,1.0,1.0,1.0,1.0,1.0,1.0,1.0,1.0,1.0,1.0,1.0,1.0,1.0,1.0,1.0,1.0,1.0,1.0,1.0,1.0,1.0,1.0,1.0,1.0,1.0,1.0,1.0,1.0,1.0,1.0,1.0,1.0,1.0,1.0,1.0,1.0,1.0,1.0,1.0,1.0,1.0,1.0,1.0,1.0,1.0,1.0,1.0,1.0,1.0,1.0,1.0,1.0,1.0,1.0,0.0,3.0,0.0,0.0,1.0,151.0,1216.0,0.0,0.0,3.0,0.0,0.0,0.0,774.0,0.0,0.0,0.0,25675.0
134,3310.0,22784.0,154.0,0.0,144.0,1.0,0.0,0.0,0.0,0.0,5.0,68.0,90.0,11.0,25838.0,1.0,0.0,146.0,495.0,1.0,1.0,1.0,1.0,1.0,1.0,1.0,1.0,1.0,1.0,1.0,1.0,1.0,1.0,1.0,1.0,1.0,1.0,1.0,1.0,1.0,1.0,1.0,1.0,1.0,1.0,1.0,1.0,1.0,1.0,1.0,1.0,1.0,1.0,1.0,1.0,1.0,1.0,1.0,1.0,1.0,1.0,1.0,1.0,1.0,1.0,1.0,1.0,1.0,1.0,1.0,1.0,1.0,1.0,1.0,1.0,1.0,1.0,1.0,1.0,1.0,1.0,1.0,1.0,1.0,0.0,3.0,0.0,0.0,1.0,151.0,1214.0,5.0,0.0,3.0,0.0,0.0,0.0,775.0,0.0,0.0,630.0,25673.0
135,3310.0,22784.0,153.0,0.0,144.0,1.0,0.0,0.0,0.0,0.0,5.0,276.0,515.0,59.0,25827.0,1.0,0.0,146.0,503.0,1.0,1.0,1.0,1.0,1.0,1.0,1.0,1.0,1.0,1.0,1.0,1.0,1.0,1.0,1.0,1.0,1.0,1.0,1.0,1.0,1.0,1.0,1.0,1.0,1.0,1.0,1.0,1.0,1.0,1.0,1.0,1.0,1.0,1.0,1.0,1.0,1.0,1.0,1.0,1.0,1.0,1.0,1.0,1.0,1.0,1.0,1.0,1.0,1.0,1.0,1.0,1.0,1.0,1.0,1.0,1.0,1.0,1.0,1.0,1.0,1.0,1.0,1.0,1.0,1.0,0.0,3.0,0.0,0.0,1.0,151.0,1229.0,0.0,0.0,3.0,0.0,0.0,0.0,775.0,0.0,0.0,0.0,25655.0
136,3310.0,22784.0,153.0,0.0,144.0,1.0,0.0,0.0,0.0,0.0,5.0,184.0,308.0,35.0,25827.0,1.0,0.0,146.0,501.0,1.0,1.0,1.0,1.0,1.0,1.0,1.0,1.0,1.0,1.0,1.0,1.0,1.0,1.0,1.0,1.0,1.0,1.0,1.0,1.0,1.0,1.0,1.0,1.0,1.0,1.0,1.0,1.0,1.0,1.0,1.0,1.0,1.0,1.0,1.0,1.0,1.0,1.0,1.0,1.0,1.0,1.0,1.0,1.0,1.0,1.0,1.0,1.0,1.0,1.0,1.0,1.0,1.0,1.0,1.0,1.0,1.0,1.0,1.0,1.0,1.0,1.0,1.0,1.0,1.0,0.0,3.0,0.0,0.0,1.0,152.0,1241.0,2.0,0.0,3.0,0.0,0.0,0.0,775.0,0.0,0.0,0.0,25651.0
137,3310.0,22784.0,153.0,0.0,143.0,1.0,0.0,0.0,0.0,0.0,5.0,70.0,90.0,11.0,25837.0,1.0,0.0,146.0,510.0,1.0,1.0,1.0,1.0,1.0,1.0,1.0,1.0,1.0,1.0,1.0,1.0,1.0,1.0,1.0,1.0,1.0,1.0,1.0,1.0,1.0,1.0,1.0,1.0,1.0,1.0,1.0,1.0,1.0,1.0,1.0,1.0,1.0,1.0,1.0,1.0,1.0,1.0,1.0,1.0,1.0,1.0,1.0,1.0,1.0,1.0,1.0,1.0,1.0,1.0,1.0,1.0,1.0,1.0,1.0,1.0,1.0,1.0,1.0,1.0,1.0,1.0,1.0,1.0,1.0,0.0,3.0,0.0,0.0,1.0,152.0,1233.0,6.0,0.0,3.0,0.0,0.0,0.0,774.0,0.0,0.0,0.0,25677.0
138,3310.0,22784.0,153.0,0.0,143.0,1.0,0.0,0.0,0.0,0.0,5.0,69.0,89.0,11.0,25837.0,1.0,0.0,146.0,512.0,1.0,1.0,1.0,1.0,1.0,1.0,1.0,1.0,1.0,1.0,1.0,1.0,1.0,1.0,1.0,1.0,1.0,1.0,1.0,1.0,1.0,1.0,1.0,1.0,1.0,1.0,1.0,1.0,1.0,1.0,1.0,1.0,1.0,1.0,1.0,1.0,1.0,1.0,1.0,1.0,1.0,1.0,1.0,1.0,1.0,1.0,1.0,1.0,1.0,1.0,1.0,1.0,1.0,1.0,1.0,1.0,1.0,1.0,1.0,1.0,1.0,1.0,1.0,1.0,1.0,0.0,3.0,0.0,0.0,1.0,151.0,1227.0,1.0,0.0,3.0,0.0,0.0,0.0,774.0,0.0,0.0,0.0,25673.0
139,3310.0,22784.0,153.0,0.0,144.0,1.0,0.0,0.0,0.0,0.0,5.0,70.0,88.0,11.0,25837.0,1.0,0.0,146.0,495.0,1.0,1.0,1.0,1.0,1.0,1.0,1.0,1.0,1.0,1.0,1.0,1.0,1.0,1.0,1.0,1.0,1.0,1.0,1.0,1.0,1.0,1.0,1.0,1.0,1.0,1.0,1.0,1.0,1.0,1.0,1.0,1.0,1.0,1.0,1.0,1.0,1.0,1.0,1.0,1.0,1.0,1.0,1.0,1.0,1.0,1.0,1.0,1.0,1.0,1.0,1.0,1.0,1.0,1.0,1.0,1.0,1.0,1.0,1.0,1.0,1.0,1.0,1.0,1.0,1.0,0.0,3.0,0.0,0.0,1.0,151.0,1222.0,3.0,0.0,3.0,0.0,0.0,0.0,774.0,0.0,0.0,0.0,25672.0
140,3310.0,22784.0,153.0,0.0,144.0,1.0,0.0,0.0,0.0,0.0,5.0,68.0,90.0,11.0,25836.0,1.0,0.0,146.0,496.0,1.0,1.0,1.0,1.0,1.0,1.0,1.0,1.0,1.0,1.0,1.0,1.0,1.0,1.0,1.0,1.0,1.0,1.0,1.0,1.0,1.0,1.0,1.0,1.0,1.0,1.0,1.0,1.0,1.0,1.0,1.0,1.0,1.0,1.0,1.0,1.0,1.0,1.0,1.0,1.0,1.0,1.0,1.0,1.0,1.0,1.0,1.0,1.0,1.0,1.0,1.0,1.0,1.0,1.0,1.0,1.0,1.0,1.0,1.0,1.0,1.0,1.0,1.0,1.0,1.0,0.0,3.0,0.0,0.0,1.0,151.0,1216.0,6.0,0.0,3.0,0.0,0.0,0.0,773.0,0.0,0.0,0.0,25672.0
141,3206.0,22784.0,152.0,0.0,144.0,1.0,0.0,0.0,0.0,0.0,5.0,68.0,89.0,11.0,25836.0,1.0,0.0,146.0,487.0,1.0,1.0,1.0,1.0,1.0,1.0,1.0,1.0,1.0,1.0,1.0,1.0,1.0,1.0,1.0,1.0,1.0,1.0,1.0,1.0,1.0,1.0,1.0,1.0,1.0,1.0,1.0,1.0,1.0,1.0,1.0,1.0,1.0,1.0,1.0,1.0,1.0,1.0,1.0,1.0,1.0,1.0,1.0,1.0,1.0,1.0,1.0,1.0,1.0,1.0,1.0,1.0,1.0,1.0,1.0,1.0,1.0,1.0,1.0,1.0,1.0,1.0,1.0,1.0,1.0,0.0,3.0,0.0,0.0,1.0,151.0,1213.0,2.0,0.0,3.0,0.0,0.0,0.0,773.0,0.0,0.0,482.0,25673.0
142,3206.0,22784.0,152.0,0.0,144.0,1.0,0.0,0.0,0.0,0.0,5.0,70.0,90.0,11.0,25835.0,1.0,0.0,146.0,496.0,1.0,1.0,1.0,1.0,1.0,1.0,1.0,1.0,1.0,1.0,1.0,1.0,1.0,1.0,1.0,1.0,1.0,1.0,1.0,1.0,1.0,1.0,1.0,1.0,1.0,1.0,1.0,1.0,1.0,1.0,1.0,1.0,1.0,1.0,1.0,1.0,1.0,1.0,1.0,1.0,1.0,1.0,1.0,1.0,1.0,1.0,1.0,1.0,1.0,1.0,1.0,1.0,1.0,1.0,1.0,1.0,1.0,1.0,1.0,1.0,1.0,1.0,1.0,1.0,1.0,0.0,3.0,0.0,0.0,1.0,151.0,1211.0,5.0,0.0,3.0,0.0,0.0,0.0,773.0,0.0,0.0,0.0,25673.0
143,3206.0,22784.0,153.0,0.0,144.0,1.0,0.0,0.0,0.0,0.0,5.0,70.0,90.0,11.0,25836.0,1.0,0.0,146.0,50.0,1.0,1.0,1.0,1.0,1.0,1.0,1.0,1.0,1.0,1.0,1.0,1.0,1.0,1.0,1.0,1.0,1.0,1.0,1.0,1.0,1.0,1.0,1.0,1.0,1.0,1.0,1.0,1.0,1.0,1.0,1.0,1.0,1.0,1.0,1.0,1.0,1.0,1.0,1.0,1.0,1.0,1.0,1.0,1.0,1.0,1.0,1.0,1.0,1.0,1.0,1.0,1.0,1.0,1.0,1.0,1.0,1.0,1.0,1.0,1.0,1.0,1.0,1.0,1.0,1.0,0.0,3.0,0.0,0.0,1.0,151.0,1210.0,0.0,0.0,3.0,0.0,0.0,0.0,774.0,0.0,0.0,0.0,25667.0
144,3206.0,22784.0,152.0,0.0,144.0,1.0,0.0,0.0,0.0,0.0,5.0,70.0,89.0,11.0,25836.0,1.0,0.0,147.0,495.0,1.0,1.0,1.0,1.0,1.0,1.0,1.0,1.0,1.0,1.0,1.0,1.0,1.0,1.0,1.0,1.0,1.0,1.0,1.0,1.0,1.0,1.0,1.0,1.0,1.0,1.0,1.0,1.0,1.0,1.0,1.0,1.0,1.0,1.0,1.0,1.0,1.0,1.0,1.0,1.0,1.0,1.0,1.0,1.0,1.0,1.0,1.0,1.0,1.0,1.0,1.0,1.0,1.0,1.0,1.0,1.0,1.0,1.0,1.0,1.0,1.0,1.0,1.0,1.0,1.0,0.0,3.0,0.0,0.0,1.0,152.0,1207.0,3.0,0.0,3.0,0.0,0.0,0.0,774.0,0.0,0.0,0.0,25675.0
145,3206.0,22784.0,152.0,0.0,144.0,1.0,0.0,0.0,0.0,0.0,5.0,70.0,89.0,11.0,25836.0,1.0,0.0,147.0,504.0,1.0,1.0,1.0,1.0,1.0,1.0,1.0,1.0,1.0,1.0,1.0,1.0,1.0,1.0,1.0,1.0,1.0,1.0,1.0,1.0,1.0,1.0,1.0,1.0,1.0,1.0,1.0,1.0,1.0,1.0,1.0,1.0,1.0,1.0,1.0,1.0,1.0,1.0,1.0,1.0,1.0,1.0,1.0,1.0,1.0,1.0,1.0,1.0,1.0,1.0,1.0,1.0,1.0,1.0,1.0,1.0,1.0,1.0,1.0,1.0,1.0,1.0,1.0,1.0,1.0,0.0,3.0,0.0,0.0,1.0,151.0,1207.0,6.0,0.0,3.0,0.0,0.0,0.0,774.0,0.0,0.0,0.0,25672.0
146,3206.0,22784.0,152.0,0.0,144.0,1.0,0.0,0.0,0.0,0.0,5.0,70.0,90.0,11.0,25837.0,1.0,0.0,147.0,489.0,1.0,1.0,1.0,1.0,1.0,1.0,1.0,1.0,1.0,1.0,1.0,1.0,1.0,1.0,1.0,1.0,1.0,1.0,1.0,1.0,1.0,1.0,1.0,1.0,1.0,1.0,1.0,1.0,1.0,1.0,1.0,1.0,1.0,1.0,1.0,1.0,1.0,1.0,1.0,1.0,1.0,1.0,1.0,1.0,1.0,1.0,1.0,1.0,1.0,1.0,1.0,1.0,1.0,1.0,1.0,1.0,1.0,1.0,1.0,1.0,1.0,1.0,1.0,1.0,1.0,0.0,3.0,0.0,0.0,1.0,152.0,1206.0,1.0,0.0,3.0,0.0,0.0,0.0,774.0,0.0,0.0,0.0,25670.0
147,3206.0,22784.0,153.0,0.0,144.0,1.0,0.0,0.0,0.0,0.0,5.0,69.0,90.0,11.0,25836.0,1.0,0.0,146.0,496.0,1.0,1.0,1.0,1.0,1.0,1.0,1.0,1.0,1.0,1.0,1.0,1.0,1.0,1.0,1.0,1.0,1.0,1.0,1.0,1.0,1.0,1.0,1.0,1.0,1.0,1.0,1.0,1.0,1.0,1.0,1.0,1.0,1.0,1.0,1.0,1.0,1.0,1.0,1.0,1.0,1.0,1.0,1.0,1.0,1.0,1.0,1.0,1.0,1.0,1.0,1.0,1.0,1.0,1.0,1.0,1.0,1.0,1.0,1.0,1.0,1.0,1.0,1.0,1.0,1.0,0.0,3.0,0.0,0.0,1.0,152.0,1207.0,4.0,0.0,3.0,0.0,0.0,0.0,773.0,0.0,0.0,0.0,25675.0
148,3206.0,22784.0,153.0,0.0,144.0,1.0,0.0,0.0,0.0,0.0,5.0,225.0,353.0,40.0,25826.0,1.0,0.0,147.0,503.0,1.0,1.0,1.0,1.0,1.0,1.0,1.0,1.0,1.0,1.0,1.0,1.0,1.0,1.0,1.0,1.0,1.0,1.0,1.0,1.0,1.0,1.0,1.0,1.0,1.0,1.0,1.0,1.0,1.0,1.0,1.0,1.0,1.0,1.0,1.0,1.0,1.0,1.0,1.0,1.0,1.0,1.0,1.0,1.0,1.0,1.0,1.0,1.0,1.0,1.0,1.0,1.0,1.0,1.0,1.0,1.0,1.0,1.0,1.0,1.0,1.0,1.0,1.0,1.0,1.0,0.0,3.0,0.0,0.0,1.0,152.0,1225.0,0.0,0.0,3.0,0.0,0.0,0.0,773.0,0.0,0.0,0.0,25652.0
149,3206.0,22784.0,152.0,0.0,144.0,1.0,0.0,0.0,0.0,0.0,5.0,229.0,419.0,48.0,25825.0,1.0,0.0,146.0,495.0,1.0,1.0,1.0,1.0,1.0,1.0,1.0,1.0,1.0,1.0,1.0,1.0,1.0,1.0,1.0,1.0,1.0,1.0,1.0,1.0,1.0,1.0,1.0,1.0,1.0,1.0,1.0,1.0,1.0,1.0,1.0,1.0,1.0,1.0,1.0,1.0,1.0,1.0,1.0,1.0,1.0,1.0,1.0,1.0,1.0,1.0,1.0,1.0,1.0,1.0,1.0,1.0,1.0,1.0,1.0,1.0,1.0,1.0,1.0,1.0,1.0,1.0,1.0,1.0,1.0,0.0,3.0,0.0,0.0,1.0,152.0,1240.0,2.0,0.0,3.0,0.0,0.0,0.0,773.0,0.0,0.0,0.0,25650.0
150,3206.0,22784.0,152.0,0.0,143.0,1.0,0.0,0.0,0.0,0.0,5.0,68.0,88.0,11.0,25835.0,1.0,0.0,146.0,510.0,1.0,1.0,1.0,1.0,1.0,1.0,1.0,1.0,1.0,1.0,1.0,1.0,1.0,1.0,1.0,1.0,1.0,1.0,1.0,1.0,1.0,1.0,1.0,1.0,1.0,1.0,1.0,1.0,1.0,1.0,1.0,1.0,1.0,1.0,1.0,1.0,1.0,1.0,1.0,1.0,1.0,1.0,1.0,1.0,1.0,1.0,1.0,1.0,1.0,1.0,1.0,1.0,1.0,1.0,1.0,1.0,1.0,1.0,1.0,1.0,1.0,1.0,1.0,1.0,1.0,0.0,3.0,0.0,0.0,1.0,152.0,1230.0,0.0,0.0,3.0,0.0,0.0,0.0,773.0,0.0,0.0,0.0,25671.0
151,3206.0,22784.0,152.0,0.0,143.0,1.0,0.0,0.0,0.0,0.0,5.0,68.0,90.0,11.0,25833.0,1.0,0.0,147.0,503.0,1.0,1.0,1.0,1.0,1.0,1.0,1.0,1.0,1.0,1.0,1.0,1.0,1.0,1.0,1.0,1.0,1.0,1.0,1.0,1.0,1.0,1.0,1.0,1.0,1.0,1.0,1.0,1.0,1.0,1.0,1.0,1.0,1.0,1.0,1.0,1.0,1.0,1.0,1.0,1.0,1.0,1.0,1.0,1.0,1.0,1.0,1.0,1.0,1.0,1.0,1.0,1.0,1.0,1.0,1.0,1.0,1.0,1.0,1.0,1.0,1.0,1.0,1.0,1.0,1.0,0.0,3.0,0.0,0.0,1.0,153.0,1221.0,2.0,0.0,3.0,0.0,0.0,0.0,773.0,0.0,0.0,0.0,25671.0
152,3206.0,22784.0,152.0,0.0,143.0,1.0,0.0,0.0,0.0,0.0,5.0,69.0,90.0,11.0,25832.0,1.0,0.0,146.0,500.0,1.0,1.0,1.0,1.0,1.0,1.0,1.0,1.0,1.0,1.0,1.0,1.0,1.0,1.0,1.0,1.0,1.0,1.0,1.0,1.0,1.0,1.0,1.0,1.0,1.0,1.0,1.0,1.0,1.0,1.0,1.0,1.0,1.0,1.0,1.0,1.0,1.0,1.0,1.0,1.0,1.0,1.0,1.0,1.0,1.0,1.0,1.0,1.0,1.0,1.0,1.0,1.0,1.0,1.0,1.0,1.0,1.0,1.0,1.0,1.0,1.0,1.0,1.0,1.0,1.0,0.0,3.0,0.0,0.0,1.0,152.0,1216.0,4.0,0.0,3.0,0.0,0.0,0.0,773.0,0.0,0.0,0.0,25672.0
153,3206.0,22784.0,153.0,0.0,143.0,1.0,0.0,0.0,0.0,0.0,5.0,69.0,88.0,11.0,25833.0,1.0,0.0,146.0,501.0,1.0,1.0,1.0,1.0,1.0,1.0,1.0,1.0,1.0,1.0,1.0,1.0,1.0,1.0,1.0,1.0,1.0,1.0,1.0,1.0,1.0,1.0,1.0,1.0,1.0,1.0,1.0,1.0,1.0,1.0,1.0,1.0,1.0,1.0,1.0,1.0,1.0,1.0,1.0,1.0,1.0,1.0,1.0,1.0,1.0,1.0,1.0,1.0,1.0,1.0,1.0,1.0,1.0,1.0,1.0,1.0,1.0,1.0,1.0,1.0,1.0,1.0,1.0,1.0,1.0,0.0,3.0,0.0,0.0,1.0,152.0,1212.0,1.0,0.0,3.0,0.0,0.0,0.0,773.0,0.0,0.0,283.0,25670.0
154,3206.0,22784.0,153.0,0.0,143.0,1.0,0.0,0.0,0.0,0.0,5.0,70.0,90.0,11.0,25836.0,1.0,0.0,146.0,50.0,1.0,1.0,1.0,1.0,1.0,1.0,1.0,1.0,1.0,1.0,1.0,1.0,1.0,1.0,1.0,1.0,1.0,1.0,1.0,1.0,1.0,1.0,1.0,1.0,1.0,1.0,1.0,1.0,1.0,1.0,1.0,1.0,1.0,1.0,1.0,1.0,1.0,1.0,1.0,1.0,1.0,1.0,1.0,1.0,1.0,1.0,1.0,1.0,1.0,1.0,1.0,1.0,1.0,1.0,1.0,1.0,1.0,1.0,1.0,1.0,1.0,1.0,1.0,1.0,1.0,0.0,3.0,0.0,0.0,1.0,152.0,1207.0,3.0,0.0,3.0,0.0,0.0,0.0,772.0,0.0,0.0,0.0,25670.0
155,3206.0,22784.0,153.0,0.0,143.0,1.0,0.0,0.0,0.0,0.0,5.0,69.0,90.0,11.0,25833.0,1.0,0.0,146.0,493.0,1.0,1.0,1.0,1.0,1.0,1.0,1.0,1.0,1.0,1.0,1.0,1.0,1.0,1.0,1.0,1.0,1.0,1.0,1.0,1.0,1.0,1.0,1.0,1.0,1.0,1.0,1.0,1.0,1.0,1.0,1.0,1.0,1.0,1.0,1.0,1.0,1.0,1.0,1.0,1.0,1.0,1.0,1.0,1.0,1.0,1.0,1.0,1.0,1.0,1.0,1.0,1.0,1.0,1.0,1.0,1.0,1.0,1.0,1.0,1.0,1.0,1.0,1.0,1.0,1.0,0.0,3.0,0.0,0.0,1.0,152.0,1206.0,5.0,0.0,3.0,0.0,0.0,0.0,772.0,0.0,0.0,0.0,25670.0
156,3206.0,22784.0,152.0,0.0,142.0,1.0,0.0,0.0,0.0,0.0,5.0,70.0,90.0,11.0,25836.0,1.0,0.0,147.0,50.0,1.0,1.0,1.0,1.0,1.0,1.0,1.0,1.0,1.0,1.0,1.0,1.0,1.0,1.0,1.0,1.0,1.0,1.0,1.0,1.0,1.0,1.0,1.0,1.0,1.0,1.0,1.0,1.0,1.0,1.0,1.0,1.0,1.0,1.0,1.0,1.0,1.0,1.0,1.0,1.0,1.0,1.0,1.0,1.0,1.0,1.0,1.0,1.0,1.0,1.0,1.0,1.0,1.0,1.0,1.0,1.0,1.0,1.0,1.0,1.0,1.0,1.0,1.0,1.0,1.0,0.0,3.0,0.0,0.0,1.0,152.0,1204.0,1.0,0.0,3.0,0.0,0.0,0.0,772.0,0.0,0.0,0.0,25670.0
157,3206.0,22784.0,152.0,0.0,143.0,1.0,0.0,0.0,0.0,0.0,5.0,70.0,90.0,11.0,25835.0,1.0,0.0,146.0,498.0,1.0,1.0,1.0,1.0,1.0,1.0,1.0,1.0,1.0,1.0,1.0,1.0,1.0,1.0,1.0,1.0,1.0,1.0,1.0,1.0,1.0,1.0,1.0,1.0,1.0,1.0,1.0,1.0,1.0,1.0,1.0,1.0,1.0,1.0,1.0,1.0,1.0,1.0,1.0,1.0,1.0,1.0,1.0,1.0,1.0,1.0,1.0,1.0,1.0,1.0,1.0,1.0,1.0,1.0,1.0,1.0,1.0,1.0,1.0,1.0,1.0,1.0,1.0,1.0,1.0,0.0,3.0,0.0,0.0,1.0,152.0,1203.0,4.0,0.0,3.0,0.0,0.0,0.0,772.0,0.0,0.0,0.0,25655.0
158,3206.0,22784.0,152.0,0.0,142.0,1.0,0.0,0.0,0.0,0.0,5.0,70.0,90.0,11.0,25833.0,1.0,0.0,146.0,503.0,1.0,1.0,1.0,1.0,1.0,1.0,1.0,1.0,1.0,1.0,1.0,1.0,1.0,1.0,1.0,1.0,1.0,1.0,1.0,1.0,1.0,1.0,1.0,1.0,1.0,1.0,1.0,1.0,1.0,1.0,1.0,1.0,1.0,1.0,1.0,1.0,1.0,1.0,1.0,1.0,1.0,1.0,1.0,1.0,1.0,1.0,1.0,1.0,1.0,1.0,1.0,1.0,1.0,1.0,1.0,1.0,1.0,1.0,1.0,1.0,1.0,1.0,1.0,1.0,1.0,0.0,3.0,0.0,0.0,1.0,152.0,1202.0,0.0,0.0,3.0,0.0,0.0,0.0,772.0,0.0,0.0,0.0,25667.0
159,3206.0,22784.0,153.0,0.0,143.0,1.0,0.0,0.0,0.0,0.0,5.0,70.0,90.0,11.0,25831.0,1.0,0.0,146.0,50.0,1.0,1.0,1.0,1.0,1.0,1.0,1.0,1.0,1.0,1.0,1.0,1.0,1.0,1.0,1.0,1.0,1.0,1.0,1.0,1.0,1.0,1.0,1.0,1.0,1.0,1.0,1.0,1.0,1.0,1.0,1.0,1.0,1.0,1.0,1.0,1.0,1.0,1.0,1.0,1.0,1.0,1.0,1.0,1.0,1.0,1.0,1.0,1.0,1.0,1.0,1.0,1.0,1.0,1.0,1.0,1.0,1.0,1.0,1.0,1.0,1.0,1.0,1.0,1.0,1.0,0.0,3.0,0.0,0.0,1.0,153.0,1201.0,2.0,0.0,3.0,0.0,0.0,0.0,771.0,0.0,0.0,0.0,25648.0
160,3206.0,22784.0,153.0,0.0,143.0,1.0,0.0,0.0,0.0,0.0,5.0,70.0,89.0,11.0,25833.0,1.0,0.0,147.0,501.0,1.0,1.0,1.0,1.0,1.0,1.0,1.0,1.0,1.0,1.0,1.0,1.0,1.0,1.0,1.0,1.0,1.0,1.0,1.0,1.0,1.0,1.0,1.0,1.0,1.0,1.0,1.0,1.0,1.0,1.0,1.0,1.0,1.0,1.0,1.0,1.0,1.0,1.0,1.0,1.0,1.0,1.0,1.0,1.0,1.0,1.0,1.0,1.0,1.0,1.0,1.0,1.0,1.0,1.0,1.0,1.0,1.0,1.0,1.0,1.0,1.0,1.0,1.0,1.0,1.0,0.0,3.0,0.0,0.0,1.0,153.0,1199.0,5.0,0.0,3.0,0.0,0.0,0.0,771.0,0.0,0.0,0.0,25670.0
161,3206.0,22784.0,152.0,0.0,144.0,1.0,0.0,0.0,0.0,0.0,5.0,69.0,89.0,11.0,25831.0,1.0,0.0,147.0,496.0,1.0,1.0,1.0,1.0,1.0,1.0,1.0,1.0,1.0,1.0,1.0,1.0,1.0,1.0,1.0,1.0,1.0,1.0,1.0,1.0,1.0,1.0,1.0,1.0,1.0,1.0,1.0,1.0,1.0,1.0,1.0,1.0,1.0,1.0,1.0,1.0,1.0,1.0,1.0,1.0,1.0,1.0,1.0,1.0,1.0,1.0,1.0,1.0,1.0,1.0,1.0,1.0,1.0,1.0,1.0,1.0,1.0,1.0,1.0,1.0,1.0,1.0,1.0,1.0,1.0,0.0,3.0,0.0,0.0,1.0,152.0,1199.0,1.0,0.0,3.0,0.0,0.0,0.0,770.0,0.0,0.0,0.0,25655.0
162,3206.0,22784.0,152.0,0.0,144.0,1.0,0.0,0.0,0.0,0.0,5.0,192.0,394.0,45.0,25822.0,1.0,0.0,147.0,500.0,1.0,1.0,1.0,1.0,1.0,1.0,1.0,1.0,1.0,1.0,1.0,1.0,1.0,1.0,1.0,1.0,1.0,1.0,1.0,1.0,1.0,1.0,1.0,1.0,1.0,1.0,1.0,1.0,1.0,1.0,1.0,1.0,1.0,1.0,1.0,1.0,1.0,1.0,1.0,1.0,1.0,1.0,1.0,1.0,1.0,1.0,1.0,1.0,1.0,1.0,1.0,1.0,1.0,1.0,1.0,1.0,1.0,1.0,1.0,1.0,1.0,1.0,1.0,1.0,1.0,0.0,3.0,0.0,0.0,1.0,152.0,1217.0,3.0,0.0,3.0,0.0,0.0,0.0,771.0,0.0,0.0,0.0,25647.0
163,3206.0,22784.0,152.0,0.0,144.0,1.0,0.0,0.0,0.0,0.0,5.0,190.0,388.0,44.0,25821.0,1.0,0.0,147.0,503.0,1.0,1.0,1.0,1.0,1.0,1.0,1.0,1.0,1.0,1.0,1.0,1.0,1.0,1.0,1.0,1.0,1.0,1.0,1.0,1.0,1.0,1.0,1.0,1.0,1.0,1.0,1.0,1.0,1.0,1.0,1.0,1.0,1.0,1.0,1.0,1.0,1.0,1.0,1.0,1.0,1.0,1.0,1.0,1.0,1.0,1.0,1.0,1.0,1.0,1.0,1.0,1.0,1.0,1.0,1.0,1.0,1.0,1.0,1.0,1.0,1.0,1.0,1.0,1.0,1.0,0.0,3.0,0.0,0.0,1.0,152.0,1232.0,6.0,0.0,3.0,0.0,0.0,0.0,770.0,0.0,0.0,0.0,25646.0
164,3206.0,22784.0,152.0,0.0,144.0,1.0,0.0,0.0,0.0,0.0,5.0,69.0,89.0,11.0,25832.0,1.0,0.0,147.0,498.0,1.0,1.0,1.0,1.0,1.0,1.0,1.0,1.0,1.0,1.0,1.0,1.0,1.0,1.0,1.0,1.0,1.0,1.0,1.0,1.0,1.0,1.0,1.0,1.0,1.0,1.0,1.0,1.0,1.0,1.0,1.0,1.0,1.0,1.0,1.0,1.0,1.0,1.0,1.0,1.0,1.0,1.0,1.0,1.0,1.0,1.0,1.0,1.0,1.0,1.0,1.0,1.0,1.0,1.0,1.0,1.0,1.0,1.0,1.0,1.0,1.0,1.0,1.0,1.0,1.0,0.0,3.0,0.0,0.0,1.0,152.0,1225.0,2.0,0.0,3.0,0.0,0.0,0.0,770.0,0.0,0.0,362.0,25668.0
165,3206.0,22784.0,152.0,0.0,144.0,1.0,0.0,0.0,0.0,0.0,5.0,82.0,169.0,24.0,25831.0,1.0,0.0,146.0,498.0,1.0,1.0,1.0,1.0,1.0,1.0,1.0,1.0,1.0,1.0,1.0,1.0,1.0,1.0,1.0,1.0,1.0,1.0,1.0,1.0,1.0,1.0,1.0,1.0,1.0,1.0,1.0,1.0,1.0,1.0,1.0,1.0,1.0,1.0,1.0,1.0,1.0,1.0,1.0,1.0,1.0,1.0,1.0,1.0,1.0,1.0,1.0,1.0,1.0,1.0,1.0,1.0,1.0,1.0,1.0,1.0,1.0,1.0,1.0,1.0,1.0,1.0,1.0,1.0,1.0,0.0,3.0,0.0,0.0,1.0,152.0,1222.0,4.0,0.0,3.0,0.0,0.0,0.0,769.0,0.0,0.0,362.0,25665.0
166,3206.0,22784.0,153.0,0.0,144.0,1.0,0.0,0.0,0.0,0.0,5.0,281.0,539.0,61.0,25818.0,1.0,0.0,147.0,501.0,1.0,1.0,1.0,1.0,1.0,1.0,1.0,1.0,1.0,1.0,1.0,1.0,1.0,1.0,1.0,1.0,1.0,1.0,1.0,1.0,1.0,1.0,1.0,1.0,1.0,1.0,1.0,1.0,1.0,1.0,1.0,1.0,1.0,1.0,1.0,1.0,1.0,1.0,1.0,1.0,1.0,1.0,1.0,1.0,1.0,1.0,1.0,1.0,1.0,1.0,1.0,1.0,1.0,1.0,1.0,1.0,1.0,1.0,1.0,1.0,1.0,1.0,1.0,1.0,1.0,0.0,3.0,0.0,0.0,1.0,152.0,1236.0,0.0,0.0,3.0,0.0,0.0,0.0,769.0,0.0,0.0,362.0,25645.0
167,3206.0,22784.0,152.0,0.0,144.0,1.0,0.0,0.0,0.0,0.0,5.0,282.0,553.0,65.0,25820.0,1.0,0.0,146.0,49.0,1.0,1.0,1.0,1.0,1.0,1.0,1.0,1.0,1.0,1.0,1.0,1.0,1.0,1.0,1.0,1.0,1.0,1.0,1.0,1.0,1.0,1.0,1.0,1.0,1.0,1.0,1.0,1.0,1.0,1.0,1.0,1.0,1.0,1.0,1.0,1.0,1.0,1.0,1.0,1.0,1.0,1.0,1.0,1.0,1.0,1.0,1.0,1.0,1.0,1.0,1.0,1.0,1.0,1.0,1.0,1.0,1.0,1.0,1.0,1.0,1.0,1.0,1.0,1.0,1.0,0.0,3.0,0.0,0.0,1.0,152.0,1247.0,3.0,0.0,3.0,0.0,0.0,0.0,769.0,0.0,0.0,362.0,25631.0
168,3206.0,22784.0,153.0,0.0,144.0,1.0,0.0,0.0,0.0,0.0,5.0,336.0,651.0,74.0,25820.0,1.0,0.0,147.0,503.0,1.0,1.0,1.0,1.0,1.0,1.0,1.0,1.0,1.0,1.0,1.0,1.0,1.0,1.0,1.0,1.0,1.0,1.0,1.0,1.0,1.0,1.0,1.0,1.0,1.0,1.0,1.0,1.0,1.0,1.0,1.0,1.0,1.0,1.0,1.0,1.0,1.0,1.0,1.0,1.0,1.0,1.0,1.0,1.0,1.0,1.0,1.0,1.0,1.0,1.0,1.0,1.0,1.0,1.0,1.0,1.0,1.0,1.0,1.0,1.0,1.0,1.0,1.0,1.0,1.0,0.0,3.0,0.0,0.0,1.0,152.0,1255.0,6.0,0.0,3.0,0.0,0.0,0.0,769.0,0.0,0.0,362.0,25647.0
169,3206.0,22784.0,152.0,0.0,144.0,1.0,0.0,0.0,0.0,0.0,5.0,101.0,128.0,15.0,25817.0,1.0,0.0,146.0,49.0,1.0,1.0,1.0,1.0,1.0,1.0,1.0,1.0,1.0,1.0,1.0,1.0,1.0,1.0,1.0,1.0,1.0,1.0,1.0,1.0,1.0,1.0,1.0,1.0,1.0,1.0,1.0,1.0,1.0,1.0,1.0,1.0,1.0,1.0,1.0,1.0,1.0,1.0,1.0,1.0,1.0,1.0,1.0,1.0,1.0,1.0,1.0,1.0,1.0,1.0,1.0,1.0,1.0,1.0,1.0,1.0,1.0,1.0,1.0,1.0,1.0,1.0,1.0,1.0,1.0,0.0,3.0,0.0,0.0,1.0,152.0,1261.0,3.0,0.0,3.0,0.0,0.0,0.0,769.0,0.0,0.0,362.0,25650.0
170,3206.0,22784.0,153.0,0.0,143.0,1.0,0.0,0.0,0.0,0.0,5.0,70.0,90.0,11.0,25831.0,1.0,0.0,146.0,485.0,1.0,1.0,1.0,1.0,1.0,1.0,1.0,1.0,1.0,1.0,1.0,1.0,1.0,1.0,1.0,1.0,1.0,1.0,1.0,1.0,1.0,1.0,1.0,1.0,1.0,1.0,1.0,1.0,1.0,1.0,1.0,1.0,1.0,1.0,1.0,1.0,1.0,1.0,1.0,1.0,1.0,1.0,1.0,1.0,1.0,1.0,1.0,1.0,1.0,1.0,1.0,1.0,1.0,1.0,1.0,1.0,1.0,1.0,1.0,1.0,1.0,1.0,1.0,1.0,1.0,0.0,3.0,0.0,0.0,1.0,151.0,1246.0,5.0,0.0,3.0,0.0,0.0,0.0,769.0,0.0,0.0,362.0,25666.0
171,2996.0,23040.0,153.0,0.0,143.0,1.0,0.0,0.0,0.0,0.0,5.0,70.0,90.0,11.0,25830.0,1.0,0.0,146.0,50.0,1.0,1.0,1.0,1.0,1.0,1.0,1.0,1.0,1.0,1.0,1.0,1.0,1.0,1.0,1.0,1.0,1.0,1.0,1.0,1.0,1.0,1.0,1.0,1.0,1.0,1.0,1.0,1.0,1.0,1.0,1.0,1.0,1.0,1.0,1.0,1.0,1.0,1.0,1.0,1.0,1.0,1.0,1.0,1.0,1.0,1.0,1.0,1.0,1.0,1.0,1.0,1.0,1.0,1.0,1.0,1.0,1.0,1.0,1.0,1.0,1.0,1.0,1.0,1.0,1.0,0.0,3.0,0.0,0.0,1.0,152.0,1236.0,0.0,0.0,3.0,0.0,0.0,0.0,769.0,0.0,0.0,362.0,25653.0
172,2994.0,23040.0,152.0,0.0,144.0,1.0,0.0,0.0,0.0,0.0,5.0,70.0,90.0,11.0,25831.0,1.0,0.0,146.0,500.0,1.0,1.0,1.0,1.0,1.0,1.0,1.0,1.0,1.0,1.0,1.0,1.0,1.0,1.0,1.0,1.0,1.0,1.0,1.0,1.0,1.0,1.0,1.0,1.0,1.0,1.0,1.0,1.0,1.0,1.0,1.0,1.0,1.0,1.0,1.0,1.0,1.0,1.0,1.0,1.0,1.0,1.0,1.0,1.0,1.0,1.0,1.0,1.0,1.0,1.0,1.0,1.0,1.0,1.0,1.0,1.0,1.0,1.0,1.0,1.0,1.0,1.0,1.0,1.0,1.0,0.0,3.0,0.0,0.0,1.0,151.0,1229.0,4.0,0.0,3.0,0.0,0.0,0.0,769.0,0.0,0.0,362.0,25667.0
173,2995.0,23040.0,152.0,0.0,144.0,1.0,0.0,0.0,0.0,0.0,5.0,70.0,90.0,11.0,25830.0,1.0,0.0,146.0,507.0,1.0,1.0,1.0,1.0,1.0,1.0,1.0,1.0,1.0,1.0,1.0,1.0,1.0,1.0,1.0,1.0,1.0,1.0,1.0,1.0,1.0,1.0,1.0,1.0,1.0,1.0,1.0,1.0,1.0,1.0,1.0,1.0,1.0,1.0,1.0,1.0,1.0,1.0,1.0,1.0,1.0,1.0,1.0,1.0,1.0,1.0,1.0,1.0,1.0,1.0,1.0,1.0,1.0,1.0,1.0,1.0,1.0,1.0,1.0,1.0,1.0,1.0,1.0,1.0,1.0,0.0,3.0,0.0,0.0,1.0,152.0,1223.0,6.0,0.0,3.0,0.0,0.0,0.0,769.0,0.0,0.0,362.0,25666.0
174,2968.0,23040.0,152.0,0.0,144.0,1.0,0.0,0.0,0.0,0.0,5.0,70.0,89.0,11.0,25830.0,1.0,0.0,146.0,495.0,1.0,1.0,1.0,1.0,1.0,1.0,1.0,1.0,1.0,1.0,1.0,1.0,1.0,1.0,1.0,1.0,1.0,1.0,1.0,1.0,1.0,1.0,1.0,1.0,1.0,1.0,1.0,1.0,1.0,1.0,1.0,1.0,1.0,1.0,1.0,1.0,1.0,1.0,1.0,1.0,1.0,1.0,1.0,1.0,1.0,1.0,1.0,1.0,1.0,1.0,1.0,1.0,1.0,1.0,1.0,1.0,1.0,1.0,1.0,1.0,1.0,1.0,1.0,1.0,1.0,0.0,3.0,0.0,0.0,1.0,151.0,1220.0,2.0,0.0,3.0,0.0,0.0,0.0,769.0,0.0,0.0,362.0,25666.0
175,2965.0,55296.0,153.0,0.0,143.0,1.0,0.0,0.0,0.0,0.0,5.0,244.0,472.0,55.0,25817.0,1.0,0.0,147.0,495.0,1.0,1.0,1.0,1.0,1.0,1.0,1.0,1.0,1.0,1.0,1.0,1.0,1.0,1.0,1.0,1.0,1.0,1.0,1.0,1.0,1.0,1.0,1.0,1.0,1.0,1.0,1.0,1.0,1.0,1.0,1.0,1.0,1.0,1.0,1.0,1.0,1.0,1.0,1.0,1.0,1.0,1.0,1.0,1.0,1.0,1.0,1.0,1.0,1.0,1.0,1.0,1.0,1.0,1.0,1.0,1.0,1.0,1.0,1.0,1.0,1.0,1.0,1.0,1.0,1.0,0.0,3.0,0.0,0.0,1.0,151.0,1235.0,5.0,0.0,3.0,0.0,0.0,0.0,768.0,0.0,0.0,362.0,25642.0
176,2964.0,62976.0,153.0,0.0,143.0,1.0,0.0,0.0,0.0,0.0,5.0,248.0,501.0,57.0,25817.0,1.0,0.0,147.0,509.0,1.0,1.0,1.0,1.0,1.0,1.0,1.0,1.0,1.0,1.0,1.0,1.0,1.0,1.0,1.0,1.0,1.0,1.0,1.0,1.0,1.0,1.0,1.0,1.0,1.0,1.0,1.0,1.0,1.0,1.0,1.0,1.0,1.0,1.0,1.0,1.0,1.0,1.0,1.0,1.0,1.0,1.0,1.0,1.0,1.0,1.0,1.0,1.0,1.0,1.0,1.0,1.0,1.0,1.0,1.0,1.0,1.0,1.0,1.0,1.0,1.0,1.0,1.0,1.0,1.0,0.0,3.0,0.0,0.0,1.0,152.0,1247.0,0.0,0.0,3.0,0.0,0.0,0.0,768.0,0.0,0.0,362.0,25640.0
177,2966.0,29441.0,153.0,0.0,143.0,1.0,0.0,0.0,0.0,0.0,5.0,308.0,623.0,71.0,25818.0,1.0,0.0,146.0,50.0,1.0,1.0,1.0,1.0,1.0,1.0,1.0,1.0,1.0,1.0,1.0,1.0,1.0,1.0,1.0,1.0,1.0,1.0,1.0,1.0,1.0,1.0,1.0,1.0,1.0,1.0,1.0,1.0,1.0,1.0,1.0,1.0,1.0,1.0,1.0,1.0,1.0,1.0,1.0,1.0,1.0,1.0,1.0,1.0,1.0,1.0,1.0,1.0,1.0,1.0,1.0,1.0,1.0,1.0,1.0,1.0,1.0,1.0,1.0,1.0,1.0,1.0,1.0,1.0,1.0,0.0,3.0,0.0,0.0,1.0,152.0,1255.0,3.0,0.0,3.0,0.0,0.0,0.0,768.0,0.0,0.0,362.0,25637.0
178,2966.0,64512.0,152.0,0.0,143.0,1.0,0.0,0.0,0.0,0.0,5.0,252.0,508.0,58.0,25817.0,1.0,0.0,146.0,500.0,1.0,1.0,1.0,1.0,1.0,1.0,1.0,1.0,1.0,1.0,1.0,1.0,1.0,1.0,1.0,1.0,1.0,1.0,1.0,1.0,1.0,1.0,1.0,1.0,1.0,1.0,1.0,1.0,1.0,1.0,1.0,1.0,1.0,1.0,1.0,1.0,1.0,1.0,1.0,1.0,1.0,1.0,1.0,1.0,1.0,1.0,1.0,1.0,1.0,1.0,1.0,1.0,1.0,1.0,1.0,1.0,1.0,1.0,1.0,1.0,1.0,1.0,1.0,1.0,1.0,0.0,3.0,0.0,0.0,1.0,152.0,1261.0,5.0,0.0,3.0,0.0,0.0,0.0,767.0,0.0,0.0,362.0,25642.0
179,2967.0,62208.0,152.0,0.0,144.0,1.0,0.0,0.0,0.0,0.0,5.0,249.0,502.0,57.0,25817.0,1.0,0.0,147.0,500.0,1.0,1.0,1.0,1.0,1.0,1.0,1.0,1.0,1.0,1.0,1.0,1.0,1.0,1.0,1.0,1.0,1.0,1.0,1.0,1.0,1.0,1.0,1.0,1.0,1.0,1.0,1.0,1.0,1.0,1.0,1.0,1.0,1.0,1.0,1.0,1.0,1.0,1.0,1.0,1.0,1.0,1.0,1.0,1.0,1.0,1.0,1.0,1.0,1.0,1.0,1.0,1.0,1.0,1.0,1.0,1.0,1.0,1.0,1.0,1.0,1.0,1.0,1.0,1.0,1.0,0.0,3.0,0.0,0.0,1.0,152.0,1265.0,1.0,0.0,3.0,0.0,0.0,0.0,767.0,0.0,0.0,362.0,25628.0
180,2966.0,53504.0,153.0,0.0,144.0,1.0,0.0,0.0,0.0,0.0,5.0,234.0,466.0,53.0,25817.0,1.0,0.0,147.0,498.0,1.0,1.0,1.0,1.0,1.0,1.0,1.0,1.0,1.0,1.0,1.0,1.0,1.0,1.0,1.0,1.0,1.0,1.0,1.0,1.0,1.0,1.0,1.0,1.0,1.0,1.0,1.0,1.0,1.0,1.0,1.0,1.0,1.0,1.0,1.0,1.0,1.0,1.0,1.0,1.0,1.0,1.0,1.0,1.0,1.0,1.0,1.0,1.0,1.0,1.0,1.0,1.0,1.0,1.0,1.0,1.0,1.0,1.0,1.0,1.0,1.0,1.0,1.0,1.0,1.0,0.0,3.0,0.0,0.0,1.0,152.0,1268.0,4.0,0.0,3.0,0.0,0.0,0.0,767.0,0.0,0.0,362.0,25642.0
181,2964.0,51456.0,152.0,0.0,144.0,1.0,0.0,0.0,0.0,0.0,5.0,229.0,457.0,52.0,25816.0,1.0,0.0,146.0,501.0,1.0,1.0,1.0,1.0,1.0,1.0,1.0,1.0,1.0,1.0,1.0,1.0,1.0,1.0,1.0,1.0,1.0,1.0,1.0,1.0,1.0,1.0,1.0,1.0,1.0,1.0,1.0,1.0,1.0,1.0,1.0,1.0,1.0,1.0,1.0,1.0,1.0,1.0,1.0,1.0,1.0,1.0,1.0,1.0,1.0,1.0,1.0,1.0,1.0,1.0,1.0,1.0,1.0,1.0,1.0,1.0,1.0,1.0,1.0,1.0,1.0,1.0,1.0,1.0,1.0,0.0,3.0,0.0,0.0,1.0,152.0,1271.0,6.0,0.0,3.0,0.0,0.0,0.0,767.0,0.0,0.0,362.0,25645.0
182,2965.0,46848.0,152.0,0.0,144.0,1.0,0.0,0.0,0.0,0.0,5.0,222.0,439.0,50.0,25818.0,1.0,0.0,146.0,506.0,1.0,1.0,1.0,1.0,1.0,1.0,1.0,1.0,1.0,1.0,1.0,1.0,1.0,1.0,1.0,1.0,1.0,1.0,1.0,1.0,1.0,1.0,1.0,1.0,1.0,1.0,1.0,1.0,1.0,1.0,1.0,1.0,1.0,1.0,1.0,1.0,1.0,1.0,1.0,1.0,1.0,1.0,1.0,1.0,1.0,1.0,1.0,1.0,1.0,1.0,1.0,1.0,1.0,1.0,1.0,1.0,1.0,1.0,1.0,1.0,1.0,1.0,1.0,1.0,1.0,0.0,3.0,0.0,0.0,0.0,152.0,1272.0,2.0,0.0,3.0,0.0,0.0,0.0,759.0,0.0,0.0,0.0,25693.0
226,2960.0,22528.0,156.0,0.0,144.0,1.0,0.0,0.0,0.0,0.0,1.0,69.0,88.0,11.0,25993.0,1.0,0.0,144.0,482.0,1.0,1.0,1.0,1.0,1.0,1.0,1.0,1.0,1.0,1.0,1.0,1.0,1.0,1.0,1.0,1.0,1.0,1.0,1.0,1.0,1.0,1.0,1.0,1.0,1.0,1.0,1.0,1.0,1.0,1.0,1.0,1.0,1.0,1.0,1.0,1.0,1.0,1.0,1.0,1.0,1.0,1.0,1.0,1.0,1.0,1.0,1.0,1.0,1.0,1.0,1.0,1.0,1.0,1.0,1.0,1.0,1.0,1.0,1.0,1.0,1.0,1.0,1.0,1.0,1.0,0.0,0.0,1.0,0.0,0.0,152.0,889.0,0.0,0.0,0.0,0.0,0.0,0.0,413.0,0.0,0.0,0.0,25897.0
227,2960.0,22784.0,155.0,0.0,143.0,0.0,0.0,0.0,0.0,0.0,1.0,70.0,90.0,11.0,26000.0,1.0,0.0,144.0,551.0,1.0,1.0,1.0,1.0,1.0,1.0,1.0,1.0,1.0,1.0,1.0,1.0,1.0,1.0,1.0,1.0,1.0,1.0,1.0,1.0,1.0,1.0,1.0,1.0,1.0,1.0,1.0,1.0,1.0,1.0,1.0,1.0,1.0,1.0,1.0,1.0,1.0,1.0,1.0,1.0,1.0,1.0,1.0,1.0,1.0,1.0,1.0,1.0,1.0,1.0,1.0,1.0,1.0,1.0,1.0,1.0,1.0,1.0,1.0,1.0,1.0,1.0,1.0,1.0,1.0,0.0,0.0,1.0,0.0,0.0,152.0,916.0,3.0,0.0,0.0,0.0,0.0,0.0,354.0,0.0,0.0,0.0,25858.0
228,2962.0,23040.0,154.0,0.0,144.0,0.0,0.0,0.0,0.0,0.0,1.0,70.0,89.0,11.0,26000.0,1.0,0.0,145.0,401.0,1.0,1.0,1.0,1.0,1.0,1.0,1.0,1.0,1.0,1.0,1.0,1.0,1.0,1.0,1.0,1.0,1.0,1.0,1.0,1.0,1.0,1.0,1.0,1.0,1.0,1.0,1.0,1.0,1.0,1.0,1.0,1.0,1.0,1.0,1.0,1.0,1.0,1.0,1.0,1.0,1.0,1.0,1.0,1.0,1.0,1.0,1.0,1.0,1.0,1.0,1.0,1.0,1.0,1.0,1.0,1.0,1.0,1.0,1.0,1.0,1.0,1.0,1.0,1.0,1.0,0.0,0.0,1.0,0.0,0.0,152.0,931.0,5.0,0.0,0.0,0.0,0.0,0.0,309.0,0.0,0.0,0.0,25868.0
229,2959.0,22784.0,154.0,0.0,143.0,0.0,0.0,0.0,0.0,0.0,1.0,69.0,89.0,11.0,25997.0,1.0,0.0,145.0,379.0,1.0,1.0,1.0,1.0,1.0,1.0,1.0,1.0,1.0,1.0,1.0,1.0,1.0,1.0,1.0,1.0,1.0,1.0,1.0,1.0,1.0,1.0,1.0,1.0,1.0,1.0,1.0,1.0,1.0,1.0,1.0,1.0,1.0,1.0,1.0,1.0,1.0,1.0,1.0,1.0,1.0,1.0,1.0,1.0,1.0,1.0,1.0,1.0,1.0,1.0,1.0,1.0,1.0,1.0,1.0,1.0,1.0,1.0,1.0,1.0,1.0,1.0,1.0,1.0,1.0,0.0,0.0,1.0,0.0,0.0,152.0,948.0,2.0,0.0,0.0,0.0,0.0,0.0,273.0,0.0,0.0,0.0,25856.0
230,2960.0,22784.0,154.0,0.0,143.0,0.0,0.0,0.0,0.0,0.0,1.0,69.0,90.0,11.0,25991.0,1.0,0.0,146.0,560.0,1.0,1.0,1.0,1.0,1.0,1.0,1.0,1.0,1.0,1.0,1.0,1.0,1.0,1.0,1.0,1.0,1.0,1.0,1.0,1.0,1.0,1.0,1.0,1.0,1.0,1.0,1.0,1.0,1.0,1.0,1.0,1.0,1.0,1.0,1.0,1.0,1.0,1.0,1.0,1.0,1.0,1.0,1.0,1.0,1.0,1.0,1.0,1.0,1.0,1.0,1.0,1.0,1.0,1.0,1.0,1.0,1.0,1.0,1.0,1.0,1.0,1.0,1.0,1.0,1.0,0.0,0.0,1.0,0.0,0.0,153.0,965.0,4.0,0.0,0.0,0.0,0.0,0.0,246.0,0.0,0.0,0.0,25862.0
231,2961.0,23040.0,154.0,0.0,144.0,0.0,0.0,0.0,0.0,0.0,1.0,70.0,90.0,11.0,25991.0,1.0,0.0,146.0,412.0,1.0,1.0,1.0,1.0,1.0,1.0,1.0,1.0,1.0,1.0,1.0,1.0,1.0,1.0,1.0,1.0,1.0,1.0,1.0,1.0,1.0,1.0,1.0,1.0,1.0,1.0,1.0,1.0,1.0,1.0,1.0,1.0,1.0,1.0,1.0,1.0,1.0,1.0,1.0,1.0,1.0,1.0,1.0,1.0,1.0,1.0,1.0,1.0,1.0,1.0,1.0,1.0,1.0,1.0,1.0,1.0,1.0,1.0,1.0,1.0,1.0,1.0,1.0,1.0,1.0,0.0,0.0,1.0,0.0,0.0,153.0,978.0,6.0,0.0,0.0,0.0,0.0,0.0,228.0,0.0,0.0,0.0,25850.0
232,2958.0,23040.0,154.0,0.0,144.0,0.0,0.0,0.0,0.0,0.0,2.0,69.0,90.0,11.0,25993.0,1.0,0.0,146.0,473.0,1.0,1.0,1.0,1.0,1.0,1.0,1.0,1.0,1.0,1.0,1.0,1.0,1.0,1.0,1.0,1.0,1.0,1.0,1.0,1.0,1.0,1.0,1.0,1.0,1.0,1.0,1.0,1.0,1.0,1.0,1.0,1.0,1.0,1.0,1.0,1.0,1.0,1.0,1.0,1.0,1.0,1.0,1.0,1.0,1.0,1.0,1.0,1.0,1.0,1.0,1.0,1.0,1.0,1.0,1.0,1.0,1.0,1.0,1.0,1.0,1.0,1.0,1.0,1.0,1.0,0.0,1.0,1.0,0.0,0.0,152.0,978.0,3.0,0.0,1.0,0.0,0.0,0.0,216.0,0.0,0.0,0.0,25853.0
233,2963.0,23040.0,154.0,0.0,144.0,0.0,0.0,0.0,0.0,0.0,2.0,70.0,90.0,11.0,25991.0,1.0,0.0,147.0,617.0,1.0,1.0,1.0,1.0,1.0,1.0,1.0,1.0,1.0,1.0,1.0,1.0,1.0,1.0,1.0,1.0,1.0,1.0,1.0,1.0,1.0,1.0,1.0,1.0,1.0,1.0,1.0,1.0,1.0,1.0,1.0,1.0,1.0,1.0,1.0,1.0,1.0,1.0,1.0,1.0,1.0,1.0,1.0,1.0,1.0,1.0,1.0,1.0,1.0,1.0,1.0,1.0,1.0,1.0,1.0,1.0,1.0,1.0,1.0,1.0,1.0,1.0,1.0,1.0,1.0,0.0,1.0,1.0,0.0,0.0,152.0,980.0,5.0,0.0,1.0,0.0,0.0,0.0,209.0,0.0,0.0,0.0,25857.0
234,2960.0,23040.0,154.0,0.0,144.0,0.0,0.0,0.0,0.0,0.0,2.0,69.0,89.0,11.0,25987.0,1.0,0.0,147.0,47.0,1.0,1.0,1.0,1.0,1.0,1.0,1.0,1.0,1.0,1.0,1.0,1.0,1.0,1.0,1.0,1.0,1.0,1.0,1.0,1.0,1.0,1.0,1.0,1.0,1.0,1.0,1.0,1.0,1.0,1.0,1.0,1.0,1.0,1.0,1.0,1.0,1.0,1.0,1.0,1.0,1.0,1.0,1.0,1.0,1.0,1.0,1.0,1.0,1.0,1.0,1.0,1.0,1.0,1.0,1.0,1.0,1.0,1.0,1.0,1.0,1.0,1.0,1.0,1.0,1.0,0.0,1.0,1.0,0.0,0.0,153.0,990.0,0.0,0.0,1.0,0.0,0.0,0.0,202.0,0.0,0.0,0.0,25856.0
235,2962.0,22784.0,154.0,0.0,144.0,0.0,0.0,0.0,0.0,0.0,3.0,70.0,90.0,11.0,25953.0,1.0,0.0,147.0,599.0,1.0,1.0,1.0,1.0,1.0,1.0,1.0,1.0,1.0,1.0,1.0,1.0,1.0,1.0,1.0,1.0,1.0,1.0,1.0,1.0,1.0,1.0,1.0,1.0,1.0,1.0,1.0,1.0,1.0,1.0,1.0,1.0,1.0,1.0,1.0,1.0,1.0,1.0,1.0,1.0,1.0,1.0,1.0,1.0,1.0,1.0,1.0,1.0,1.0,1.0,1.0,1.0,1.0,1.0,1.0,1.0,1.0,1.0,1.0,1.0,1.0,1.0,1.0,1.0,1.0,0.0,5.0,0.0,0.0,0.0,153.0,978.0,5.0,0.0,1.0,0.0,0.0,0.0,289.0,0.0,0.0,0.0,25827.0
236,2960.0,22784.0,154.0,0.0,143.0,0.0,0.0,0.0,0.0,0.0,3.0,70.0,90.0,11.0,25953.0,1.0,0.0,147.0,546.0,1.0,1.0,1.0,1.0,1.0,1.0,1.0,1.0,1.0,1.0,1.0,1.0,1.0,1.0,1.0,1.0,1.0,1.0,1.0,1.0,1.0,1.0,1.0,1.0,1.0,1.0,1.0,1.0,1.0,1.0,1.0,1.0,1.0,1.0,1.0,1.0,1.0,1.0,1.0,1.0,1.0,1.0,1.0,1.0,1.0,1.0,1.0,1.0,1.0,1.0,1.0,1.0,1.0,1.0,1.0,1.0,1.0,1.0,1.0,1.0,1.0,1.0,1.0,1.0,1.0,0.0,5.0,0.0,0.0,0.0,153.0,967.0,6.0,0.0,1.0,0.0,0.0,0.0,354.0,0.0,0.0,0.0,25808.0
237,2959.0,23040.0,153.0,0.0,143.0,0.0,0.0,0.0,0.0,0.0,3.0,69.0,90.0,11.0,25947.0,1.0,0.0,147.0,576.0,1.0,1.0,1.0,1.0,1.0,1.0,1.0,1.0,1.0,1.0,1.0,1.0,1.0,1.0,1.0,1.0,1.0,1.0,1.0,1.0,1.0,1.0,1.0,1.0,1.0,1.0,1.0,1.0,1.0,1.0,1.0,1.0,1.0,1.0,1.0,1.0,1.0,1.0,1.0,1.0,1.0,1.0,1.0,1.0,1.0,1.0,1.0,1.0,1.0,1.0,1.0,1.0,1.0,1.0,1.0,1.0,1.0,1.0,1.0,1.0,1.0,1.0,1.0,1.0,1.0,0.0,5.0,0.0,0.0,0.0,153.0,967.0,2.0,0.0,1.0,0.0,0.0,0.0,401.0,0.0,0.0,0.0,25807.0
238,2960.0,23040.0,153.0,0.0,144.0,0.0,0.0,0.0,0.0,0.0,3.0,70.0,90.0,11.0,25945.0,1.0,0.0,147.0,460.0,1.0,1.0,1.0,1.0,1.0,1.0,1.0,1.0,1.0,1.0,1.0,1.0,1.0,1.0,1.0,1.0,1.0,1.0,1.0,1.0,1.0,1.0,1.0,1.0,1.0,1.0,1.0,1.0,1.0,1.0,1.0,1.0,1.0,1.0,1.0,1.0,1.0,1.0,1.0,1.0,1.0,1.0,1.0,1.0,1.0,1.0,1.0,1.0,1.0,1.0,1.0,1.0,1.0,1.0,1.0,1.0,1.0,1.0,1.0,1.0,1.0,1.0,1.0,1.0,1.0,0.0,5.0,0.0,0.0,0.0,153.0,972.0,4.0,0.0,1.0,0.0,0.0,0.0,401.0,0.0,0.0,0.0,25800.0
239,2958.0,23040.0,154.0,0.0,144.0,0.0,0.0,0.0,0.0,0.0,3.0,70.0,90.0,11.0,25947.0,1.0,0.0,147.0,396.0,1.0,1.0,1.0,1.0,1.0,1.0,1.0,1.0,1.0,1.0,1.0,1.0,1.0,1.0,1.0,1.0,1.0,1.0,1.0,1.0,1.0,1.0,1.0,1.0,1.0,1.0,1.0,1.0,1.0,1.0,1.0,1.0,1.0,1.0,1.0,1.0,1.0,1.0,1.0,1.0,1.0,1.0,1.0,1.0,1.0,1.0,1.0,1.0,1.0,1.0,1.0,1.0,1.0,1.0,1.0,1.0,1.0,1.0,1.0,1.0,1.0,1.0,1.0,1.0,1.0,0.0,5.0,0.0,0.0,0.0,152.0,963.0,0.0,0.0,1.0,0.0,0.0,0.0,464.0,0.0,0.0,0.0,25793.0
240,2961.0,23040.0,153.0,0.0,144.0,0.0,0.0,0.0,0.0,0.0,3.0,69.0,90.0,11.0,25912.0,1.0,0.0,147.0,406.0,1.0,1.0,1.0,1.0,1.0,1.0,1.0,1.0,1.0,1.0,1.0,1.0,1.0,1.0,1.0,1.0,1.0,1.0,1.0,1.0,1.0,1.0,1.0,1.0,1.0,1.0,1.0,1.0,1.0,1.0,1.0,1.0,1.0,1.0,1.0,1.0,1.0,1.0,1.0,1.0,1.0,1.0,1.0,1.0,1.0,1.0,1.0,1.0,1.0,1.0,1.0,1.0,1.0,1.0,1.0,1.0,1.0,1.0,1.0,1.0,1.0,1.0,1.0,1.0,1.0,0.0,5.0,0.0,0.0,0.0,152.0,970.0,3.0,0.0,1.0,0.0,0.0,0.0,552.0,0.0,0.0,0.0,25792.0
241,2959.0,23040.0,153.0,0.0,144.0,0.0,0.0,0.0,0.0,0.0,4.0,70.0,90.0,11.0,25917.0,1.0,0.0,147.0,423.0,1.0,1.0,1.0,1.0,1.0,1.0,1.0,1.0,1.0,1.0,1.0,1.0,1.0,1.0,1.0,1.0,1.0,1.0,1.0,1.0,1.0,1.0,1.0,1.0,1.0,1.0,1.0,1.0,1.0,1.0,1.0,1.0,1.0,1.0,1.0,1.0,1.0,1.0,1.0,1.0,1.0,1.0,1.0,1.0,1.0,1.0,1.0,1.0,1.0,1.0,1.0,1.0,1.0,1.0,1.0,1.0,1.0,1.0,1.0,1.0,1.0,1.0,1.0,1.0,1.0,0.0,3.0,0.0,0.0,0.0,153.0,975.0,4.0,0.0,3.0,0.0,0.0,0.0,607.0,0.0,0.0,0.0,25777.0
242,2960.0,23040.0,154.0,0.0,145.0,0.0,0.0,0.0,0.0,0.0,4.0,69.0,90.0,11.0,25917.0,1.0,0.0,147.0,468.0,1.0,1.0,1.0,1.0,1.0,1.0,1.0,1.0,1.0,1.0,1.0,1.0,1.0,1.0,1.0,1.0,1.0,1.0,1.0,1.0,1.0,1.0,1.0,1.0,1.0,1.0,1.0,1.0,1.0,1.0,1.0,1.0,1.0,1.0,1.0,1.0,1.0,1.0,1.0,1.0,1.0,1.0,1.0,1.0,1.0,1.0,1.0,1.0,1.0,1.0,1.0,1.0,1.0,1.0,1.0,1.0,1.0,1.0,1.0,1.0,1.0,1.0,1.0,1.0,1.0,0.0,3.0,0.0,0.0,0.0,153.0,976.0,0.0,0.0,3.0,0.0,0.0,0.0,649.0,0.0,0.0,0.0,25767.0
243,2961.0,50688.0,154.0,0.0,144.0,0.0,0.0,0.0,0.0,0.0,4.0,220.0,455.0,52.0,25901.0,1.0,0.0,146.0,475.0,1.0,1.0,1.0,1.0,1.0,1.0,1.0,1.0,1.0,1.0,1.0,1.0,1.0,1.0,1.0,1.0,1.0,1.0,1.0,1.0,1.0,1.0,1.0,1.0,1.0,1.0,1.0,1.0,1.0,1.0,1.0,1.0,1.0,1.0,1.0,1.0,1.0,1.0,1.0,1.0,1.0,1.0,1.0,1.0,1.0,1.0,1.0,1.0,1.0,1.0,1.0,1.0,1.0,1.0,1.0,1.0,1.0,1.0,1.0,1.0,1.0,1.0,1.0,1.0,1.0,0.0,3.0,0.0,0.0,0.0,153.0,988.0,2.0,0.0,3.0,0.0,0.0,0.0,682.0,0.0,0.0,0.0,25745.0
244,2959.0,35584.0,153.0,0.0,144.0,0.0,0.0,0.0,0.0,0.0,4.0,198.0,392.0,45.0,25903.0,1.0,0.0,147.0,557.0,1.0,1.0,1.0,1.0,1.0,1.0,1.0,1.0,1.0,1.0,1.0,1.0,1.0,1.0,1.0,1.0,1.0,1.0,1.0,1.0,1.0,1.0,1.0,1.0,1.0,1.0,1.0,1.0,1.0,1.0,1.0,1.0,1.0,1.0,1.0,1.0,1.0,1.0,1.0,1.0,1.0,1.0,1.0,1.0,1.0,1.0,1.0,1.0,1.0,1.0,1.0,1.0,1.0,1.0,1.0,1.0,1.0,1.0,1.0,1.0,1.0,1.0,1.0,1.0,1.0,0.0,3.0,0.0,0.0,0.0,153.0,998.0,6.0,0.0,3.0,0.0,0.0,0.0,706.0,0.0,0.0,0.0,25745.0
245,2962.0,14337.0,153.0,0.0,145.0,0.0,0.0,0.0,0.0,0.0,4.0,270.0,570.0,65.0,25900.0,1.0,0.0,147.0,510.0,1.0,1.0,1.0,1.0,1.0,1.0,1.0,1.0,1.0,1.0,1.0,1.0,1.0,1.0,1.0,1.0,1.0,1.0,1.0,1.0,1.0,1.0,1.0,1.0,1.0,1.0,1.0,1.0,1.0,1.0,1.0,1.0,1.0,1.0,1.0,1.0,1.0,1.0,1.0,1.0,1.0,1.0,1.0,1.0,1.0,1.0,1.0,1.0,1.0,1.0,1.0,1.0,1.0,1.0,1.0,1.0,1.0,1.0,1.0,1.0,1.0,1.0,1.0,1.0,1.0,0.0,3.0,0.0,0.0,0.0,153.0,1013.0,2.0,0.0,3.0,0.0,0.0,0.0,722.0,0.0,0.0,0.0,25743.0
246,2961.0,39936.0,153.0,0.0,145.0,0.0,0.0,0.0,0.0,0.0,4.0,208.0,412.0,47.0,25900.0,1.0,0.0,147.0,598.0,1.0,1.0,1.0,1.0,1.0,1.0,1.0,1.0,1.0,1.0,1.0,1.0,1.0,1.0,1.0,1.0,1.0,1.0,1.0,1.0,1.0,1.0,1.0,1.0,1.0,1.0,1.0,1.0,1.0,1.0,1.0,1.0,1.0,1.0,1.0,1.0,1.0,1.0,1.0,1.0,1.0,1.0,1.0,1.0,1.0,1.0,1.0,1.0,1.0,1.0,1.0,1.0,1.0,1.0,1.0,1.0,1.0,1.0,1.0,1.0,1.0,1.0,1.0,1.0,1.0,0.0,3.0,0.0,0.0,0.0,152.0,1024.0,4.0,0.0,3.0,0.0,0.0,0.0,737.0,0.0,0.0,0.0,25747.0
247,2958.0,10241.0,153.0,0.0,145.0,0.0,0.0,0.0,0.0,0.0,4.0,270.0,552.0,63.0,25897.0,1.0,0.0,146.0,557.0,1.0,1.0,1.0,1.0,1.0,1.0,1.0,1.0,1.0,1.0,1.0,1.0,1.0,1.0,1.0,1.0,1.0,1.0,1.0,1.0,1.0,1.0,1.0,1.0,1.0,1.0,1.0,1.0,1.0,1.0,1.0,1.0,1.0,1.0,1.0,1.0,1.0,1.0,1.0,1.0,1.0,1.0,1.0,1.0,1.0,1.0,1.0,1.0,1.0,1.0,1.0,1.0,1.0,1.0,1.0,1.0,1.0,1.0,1.0,1.0,1.0,1.0,1.0,1.0,1.0,0.0,3.0,0.0,0.0,0.0,152.0,1032.0,1.0,0.0,3.0,0.0,0.0,0.0,748.0,0.0,0.0,0.0,25738.0
248,2958.0,21248.0,153.0,0.0,144.0,0.0,0.0,0.0,0.0,0.0,4.0,180.0,332.0,38.0,25903.0,1.0,0.0,147.0,482.0,1.0,1.0,1.0,1.0,1.0,1.0,1.0,1.0,1.0,1.0,1.0,1.0,1.0,1.0,1.0,1.0,1.0,1.0,1.0,1.0,1.0,1.0,1.0,1.0,1.0,1.0,1.0,1.0,1.0,1.0,1.0,1.0,1.0,1.0,1.0,1.0,1.0,1.0,1.0,1.0,1.0,1.0,1.0,1.0,1.0,1.0,1.0,1.0,1.0,1.0,1.0,1.0,1.0,1.0,1.0,1.0,1.0,1.0,1.0,1.0,1.0,1.0,1.0,1.0,1.0,0.0,3.0,0.0,0.0,0.0,152.0,1020.0,3.0,0.0,3.0,0.0,0.0,0.0,756.0,0.0,0.0,0.0,25740.0
249,2962.0,23040.0,152.0,0.0,145.0,0.0,0.0,0.0,0.0,0.0,4.0,68.0,89.0,11.0,25910.0,1.0,0.0,147.0,537.0,1.0,1.0,1.0,1.0,1.0,1.0,1.0,1.0,1.0,1.0,1.0,1.0,1.0,1.0,1.0,1.0,1.0,1.0,1.0,1.0,1.0,1.0,1.0,1.0,1.0,1.0,1.0,1.0,1.0,1.0,1.0,1.0,1.0,1.0,1.0,1.0,1.0,1.0,1.0,1.0,1.0,1.0,1.0,1.0,1.0,1.0,1.0,1.0,1.0,1.0,1.0,1.0,1.0,1.0,1.0,1.0,1.0,1.0,1.0,1.0,1.0,1.0,1.0,1.0,1.0,0.0,3.0,0.0,0.0,0.0,152.0,1002.0,5.0,0.0,3.0,0.0,0.0,0.0,762.0,0.0,0.0,0.0,25763.0
250,2960.0,23040.0,153.0,0.0,145.0,0.0,0.0,0.0,0.0,0.0,4.0,70.0,89.0,11.0,25905.0,1.0,0.0,147.0,453.0,1.0,1.0,1.0,1.0,1.0,1.0,1.0,1.0,1.0,1.0,1.0,1.0,1.0,1.0,1.0,1.0,1.0,1.0,1.0,1.0,1.0,1.0,1.0,1.0,1.0,1.0,1.0,1.0,1.0,1.0,1.0,1.0,1.0,1.0,1.0,1.0,1.0,1.0,1.0,1.0,1.0,1.0,1.0,1.0,1.0,1.0,1.0,1.0,1.0,1.0,1.0,1.0,1.0,1.0,1.0,1.0,1.0,1.0,1.0,1.0,1.0,1.0,1.0,1.0,1.0,0.0,3.0,0.0,0.0,0.0,152.0,994.0,2.0,0.0,3.0,0.0,0.0,0.0,764.0,0.0,0.0,0.0,25756.0
251,2962.0,53760.0,152.0,0.0,145.0,0.0,0.0,0.0,0.0,0.0,4.0,126.0,195.0,23.0,25905.0,1.0,0.0,147.0,585.0,1.0,1.0,1.0,1.0,1.0,1.0,1.0,1.0,1.0,1.0,1.0,1.0,1.0,1.0,1.0,1.0,1.0,1.0,1.0,1.0,1.0,1.0,1.0,1.0,1.0,1.0,1.0,1.0,1.0,1.0,1.0,1.0,1.0,1.0,1.0,1.0,1.0,1.0,1.0,1.0,1.0,1.0,1.0,1.0,1.0,1.0,1.0,1.0,1.0,1.0,1.0,1.0,1.0,1.0,1.0,1.0,1.0,1.0,1.0,1.0,1.0,1.0,1.0,1.0,1.0,0.0,3.0,0.0,0.0,0.0,152.0,989.0,4.0,0.0,3.0,0.0,0.0,0.0,767.0,0.0,0.0,0.0,25742.0
252,2960.0,23040.0,152.0,0.0,144.0,0.0,0.0,0.0,0.0,0.0,4.0,70.0,90.0,11.0,25902.0,1.0,0.0,147.0,49.0,1.0,1.0,1.0,1.0,1.0,1.0,1.0,1.0,1.0,1.0,1.0,1.0,1.0,1.0,1.0,1.0,1.0,1.0,1.0,1.0,1.0,1.0,1.0,1.0,1.0,1.0,1.0,1.0,1.0,1.0,1.0,1.0,1.0,1.0,1.0,1.0,1.0,1.0,1.0,1.0,1.0,1.0,1.0,1.0,1.0,1.0,1.0,1.0,1.0,1.0,1.0,1.0,1.0,1.0,1.0,1.0,1.0,1.0,1.0,1.0,1.0,1.0,1.0,1.0,1.0,0.0,3.0,0.0,0.0,0.0,152.0,987.0,6.0,0.0,3.0,0.0,0.0,0.0,770.0,0.0,0.0,0.0,25752.0
253,2961.0,769.0,153.0,0.0,144.0,0.0,0.0,0.0,0.0,0.0,4.0,422.0,771.0,87.0,25890.0,1.0,0.0,147.0,489.0,1.0,1.0,1.0,1.0,1.0,1.0,1.0,1.0,1.0,1.0,1.0,1.0,1.0,1.0,1.0,1.0,1.0,1.0,1.0,1.0,1.0,1.0,1.0,1.0,1.0,1.0,1.0,1.0,1.0,1.0,1.0,1.0,1.0,1.0,1.0,1.0,1.0,1.0,1.0,1.0,1.0,1.0,1.0,1.0,1.0,1.0,1.0,1.0,1.0,1.0,1.0,1.0,1.0,1.0,1.0,1.0,1.0,1.0,1.0,1.0,1.0,1.0,1.0,1.0,1.0,0.0,3.0,0.0,0.0,0.0,152.0,1003.0,4.0,0.0,3.0,0.0,0.0,0.0,769.0,0.0,0.0,0.0,25731.0
254,2960.0,769.0,153.0,0.0,143.0,0.0,0.0,0.0,0.0,0.0,4.0,442.0,771.0,87.0,25892.0,1.0,0.0,147.0,574.0,1.0,1.0,1.0,1.0,1.0,1.0,1.0,1.0,1.0,1.0,1.0,1.0,1.0,1.0,1.0,1.0,1.0,1.0,1.0,1.0,1.0,1.0,1.0,1.0,1.0,1.0,1.0,1.0,1.0,1.0,1.0,1.0,1.0,1.0,1.0,1.0,1.0,1.0,1.0,1.0,1.0,1.0,1.0,1.0,1.0,1.0,1.0,1.0,1.0,1.0,1.0,1.0,1.0,1.0,1.0,1.0,1.0,1.0,1.0,1.0,1.0,1.0,1.0,1.0,1.0,0.0,3.0,0.0,0.0,0.0,153.0,1014.0,5.0,0.0,3.0,0.0,0.0,0.0,771.0,0.0,0.0,0.0,25732.0
255,2960.0,19201.0,154.0,0.0,144.0,0.0,0.0,0.0,0.0,0.0,4.0,309.0,586.0,66.0,25890.0,1.0,0.0,147.0,479.0,1.0,1.0,1.0,1.0,1.0,1.0,1.0,1.0,1.0,1.0,1.0,1.0,1.0,1.0,1.0,1.0,1.0,1.0,1.0,1.0,1.0,1.0,1.0,1.0,1.0,1.0,1.0,1.0,1.0,1.0,1.0,1.0,1.0,1.0,1.0,1.0,1.0,1.0,1.0,1.0,1.0,1.0,1.0,1.0,1.0,1.0,1.0,1.0,1.0,1.0,1.0,1.0,1.0,1.0,1.0,1.0,1.0,1.0,1.0,1.0,1.0,1.0,1.0,1.0,1.0,0.0,3.0,0.0,0.0,0.0,153.0,1018.0,1.0,0.0,3.0,0.0,0.0,0.0,773.0,0.0,0.0,0.0,25736.0
256,2959.0,11521.0,153.0,0.0,144.0,1.0,0.0,0.0,0.0,0.0,5.0,289.0,558.0,63.0,25851.0,0.0,0.0,147.0,501.0,1.0,1.0,1.0,1.0,1.0,1.0,1.0,1.0,1.0,1.0,1.0,1.0,1.0,1.0,1.0,1.0,1.0,1.0,1.0,1.0,1.0,1.0,1.0,1.0,1.0,1.0,1.0,1.0,1.0,1.0,1.0,1.0,1.0,1.0,1.0,1.0,1.0,1.0,1.0,1.0,1.0,1.0,1.0,1.0,1.0,1.0,1.0,1.0,1.0,1.0,1.0,1.0,1.0,1.0,1.0,1.0,1.0,1.0,1.0,1.0,1.0,1.0,1.0,1.0,1.0,0.0,3.0,0.0,0.0,1.0,153.0,1089.0,3.0,0.0,3.0,0.0,0.0,0.0,773.0,0.0,0.0,0.0,25656.0
257,2960.0,4097.0,153.0,0.0,144.0,1.0,0.0,0.0,0.0,0.0,5.0,273.0,527.0,60.0,25850.0,0.0,0.0,147.0,507.0,1.0,1.0,1.0,1.0,1.0,1.0,1.0,1.0,1.0,1.0,1.0,1.0,1.0,1.0,1.0,1.0,1.0,1.0,1.0,1.0,1.0,1.0,1.0,1.0,1.0,1.0,1.0,1.0,1.0,1.0,1.0,1.0,1.0,1.0,1.0,1.0,1.0,1.0,1.0,1.0,1.0,1.0,1.0,1.0,1.0,1.0,1.0,1.0,1.0,1.0,1.0,1.0,1.0,1.0,1.0,1.0,1.0,1.0,1.0,1.0,1.0,1.0,1.0,1.0,1.0,0.0,3.0,0.0,0.0,1.0,153.0,1141.0,6.0,0.0,3.0,0.0,0.0,0.0,773.0,0.0,0.0,0.0,25652.0
258,2960.0,30464.0,153.0,0.0,144.0,1.0,0.0,0.0,0.0,0.0,5.0,203.0,362.0,41.0,25862.0,1.0,0.0,146.0,503.0,1.0,1.0,1.0,1.0,1.0,1.0,1.0,1.0,1.0,1.0,1.0,1.0,1.0,1.0,1.0,1.0,1.0,1.0,1.0,1.0,1.0,1.0,1.0,1.0,1.0,1.0,1.0,1.0,1.0,1.0,1.0,1.0,1.0,1.0,1.0,1.0,1.0,1.0,1.0,1.0,1.0,1.0,1.0,1.0,1.0,1.0,1.0,1.0,1.0,1.0,1.0,1.0,1.0,1.0,1.0,1.0,1.0,1.0,1.0,1.0,1.0,1.0,1.0,1.0,1.0,0.0,3.0,0.0,0.0,1.0,153.0,1156.0,2.0,0.0,3.0,0.0,0.0,0.0,773.0,0.0,0.0,0.0,25660.0
259,2960.0,23040.0,153.0,0.0,144.0,1.0,0.0,0.0,0.0,0.0,5.0,68.0,90.0,11.0,25861.0,1.0,0.0,146.0,504.0,1.0,1.0,1.0,1.0,1.0,1.0,1.0,1.0,1.0,1.0,1.0,1.0,1.0,1.0,1.0,1.0,1.0,1.0,1.0,1.0,1.0,1.0,1.0,1.0,1.0,1.0,1.0,1.0,1.0,1.0,1.0,1.0,1.0,1.0,1.0,1.0,1.0,1.0,1.0,1.0,1.0,1.0,1.0,1.0,1.0,1.0,1.0,1.0,1.0,1.0,1.0,1.0,1.0,1.0,1.0,1.0,1.0,1.0,1.0,1.0,1.0,1.0,1.0,1.0,1.0,0.0,3.0,0.0,0.0,1.0,152.0,1168.0,4.0,0.0,3.0,0.0,0.0,0.0,773.0,0.0,0.0,0.0,25681.0
260,2960.0,22272.0,153.0,0.0,144.0,1.0,0.0,0.0,0.0,0.0,5.0,68.0,88.0,11.0,25861.0,1.0,0.0,147.0,501.0,1.0,1.0,1.0,1.0,1.0,1.0,1.0,1.0,1.0,1.0,1.0,1.0,1.0,1.0,1.0,1.0,1.0,1.0,1.0,1.0,1.0,1.0,1.0,1.0,1.0,1.0,1.0,1.0,1.0,1.0,1.0,1.0,1.0,1.0,1.0,1.0,1.0,1.0,1.0,1.0,1.0,1.0,1.0,1.0,1.0,1.0,1.0,1.0,1.0,1.0,1.0,1.0,1.0,1.0,1.0,1.0,1.0,1.0,1.0,1.0,1.0,1.0,1.0,1.0,1.0,0.0,3.0,0.0,0.0,1.0,152.0,1177.0,0.0,0.0,3.0,0.0,0.0,0.0,772.0,0.0,0.0,0.0,25677.0
261,2962.0,22528.0,153.0,0.0,144.0,1.0,0.0,0.0,0.0,0.0,5.0,68.0,89.0,11.0,25861.0,1.0,0.0,147.0,507.0,1.0,1.0,1.0,1.0,1.0,1.0,1.0,1.0,1.0,1.0,1.0,1.0,1.0,1.0,1.0,1.0,1.0,1.0,1.0,1.0,1.0,1.0,1.0,1.0,1.0,1.0,1.0,1.0,1.0,1.0,1.0,1.0,1.0,1.0,1.0,1.0,1.0,1.0,1.0,1.0,1.0,1.0,1.0,1.0,1.0,1.0,1.0,1.0,1.0,1.0,1.0,1.0,1.0,1.0,1.0,1.0,1.0,1.0,1.0,1.0,1.0,1.0,1.0,1.0,1.0,0.0,3.0,0.0,0.0,1.0,153.0,1182.0,3.0,0.0,3.0,0.0,0.0,0.0,772.0,0.0,0.0,0.0,25677.0
262,2960.0,22784.0,153.0,0.0,143.0,1.0,0.0,0.0,0.0,0.0,5.0,68.0,90.0,11.0,25857.0,1.0,0.0,146.0,506.0,1.0,1.0,1.0,1.0,1.0,1.0,1.0,1.0,1.0,1.0,1.0,1.0,1.0,1.0,1.0,1.0,1.0,1.0,1.0,1.0,1.0,1.0,1.0,1.0,1.0,1.0,1.0,1.0,1.0,1.0,1.0,1.0,1.0,1.0,1.0,1.0,1.0,1.0,1.0,1.0,1.0,1.0,1.0,1.0,1.0,1.0,1.0,1.0,1.0,1.0,1.0,1.0,1.0,1.0,1.0,1.0,1.0,1.0,1.0,1.0,1.0,1.0,1.0,1.0,1.0,0.0,3.0,0.0,0.0,1.0,152.0,1188.0,5.0,0.0,3.0,0.0,0.0,0.0,772.0,0.0,0.0,0.0,25677.0
263,2958.0,23040.0,153.0,0.0,143.0,1.0,0.0,0.0,0.0,0.0,5.0,68.0,90.0,11.0,25857.0,1.0,0.0,146.0,500.0,1.0,1.0,1.0,1.0,1.0,1.0,1.0,1.0,1.0,1.0,1.0,1.0,1.0,1.0,1.0,1.0,1.0,1.0,1.0,1.0,1.0,1.0,1.0,1.0,1.0,1.0,1.0,1.0,1.0,1.0,1.0,1.0,1.0,1.0,1.0,1.0,1.0,1.0,1.0,1.0,1.0,1.0,1.0,1.0,1.0,1.0,1.0,1.0,1.0,1.0,1.0,1.0,1.0,1.0,1.0,1.0,1.0,1.0,1.0,1.0,1.0,1.0,1.0,1.0,1.0,0.0,3.0,0.0,0.0,1.0,152.0,1188.0,5.0,0.0,3.0,0.0,0.0,0.0,772.0,0.0,0.0,0.0,25688.0
